id,playtime_forever,price,total_positive_reviews,total_negative_reviews,pur_rel_itv,Action,Adventure,Animation,AudioProduction,Casual,EarlyAccess,FreetoPlay,Gore,Illustration,Indie,Design,MassivelyMultiplayer,Modeling,Nudity,RPG,Racing,Violent,SexualContent,Simulation,Sports,Strategy,Utilities
0,0.0,11.85369942030022,8.543031820255237,6.599912842187128,10.702172685365548,0,1,0,0,1,0,0,0,0,0,1,0,0,0,0,0,0,0,0,0,0,0
1,0.02384674242738247,0.0,4.584962500721156,0.0,8.885696373339394,0,0,0,0,0,0,0,0,0,0,0,0,0,0,1,0,0,0,0,0,0,0
2,0.0,12.288000889707574,11.559855041513625,9.375039431346925,10.659103963473662,0,1,0,0,1,0,0,0,0,0,1,0,0,0,0,0,0,0,0,0,0,0
3,1.3410369176452386,13.273358529266698,15.944872168617687,10.77066389291676,11.249706056969705,1,0,0,0,0,0,0,0,0,0,0,0,0,0,1,0,0,0,0,0,0,0
4,4.544320516017711,12.229119220658594,13.110157018954066,9.03342300153745,10.997179480937621,1,0,0,0,0,0,0,0,0,0,1,0,0,0,0,0,0,0,0,1,0,0
6,1.854660636968928,11.81418188419028,15.279646851087328,10.016808287686555,10.924070185585345,1,0,0,0,0,0,0,0,0,0,1,0,0,0,0,0,0,0,0,0,0,0
7,0.2016338611696504,0.0,5.087462841250339,2.0,9.326429487122303,0,0,0,0,0,0,0,0,0,0,0,0,0,0,0,0,0,1,0,0,0,0
8,0.02384674242738247,11.966144913345602,10.873444112515376,5.321928094887363,10.75905593916017,0,1,0,0,0,0,0,0,0,0,0,0,0,0,1,0,0,0,0,0,0,0
9,0.02384674242738247,13.10345174171609,5.584962500721156,3.584962500721156,6.066089190457772,1,1,0,0,0,0,0,0,0,0,0,0,0,0,0,0,0,0,0,0,0,0
10,0.0,12.731531176461942,12.525031345124,9.453270634010623,11.391780606013166,1,1,0,0,0,0,0,0,0,0,0,0,0,0,0,0,0,0,0,0,0,0
11,0.0,11.28828934218097,7.219168520462161,5.169925001442312,10.365228849251544,0,1,0,0,0,0,0,0,0,0,1,0,0,0,1,0,0,0,0,1,0,0
12,0.0,0.0,6.794415866350106,8.027905996569885,7.794415866350106,1,0,0,0,0,0,0,0,0,0,0,0,0,0,0,0,0,0,0,0,0,0
13,4.430731306606972,11.688687423222536,13.237807473723135,10.048486873992337,5.321928094887363,1,1,0,0,0,0,0,0,0,0,1,0,0,0,1,0,0,0,0,0,0,0
14,0.707819248212262,12.476999286133061,12.519636252843213,9.108524456778168,9.409390936137703,1,0,0,0,1,0,0,0,0,0,1,0,0,0,0,0,0,1,0,0,0,0
15,0.02384674242738247,0.0,7.392317422778761,4.954196310386875,11.360847084179664,0,1,0,0,0,0,0,0,0,0,0,0,0,0,0,0,0,1,0,1,0,0
16,2.1043366598147357,12.731531176461942,14.396537889096955,10.333155350310616,10.923327485419192,1,1,0,0,0,0,0,0,0,0,1,0,0,0,1,0,0,0,0,0,0,0
17,0.0,13.451339918139356,15.395534135462302,11.981210488271694,10.545929769085467,0,0,0,0,0,0,0,0,0,0,1,0,0,0,0,0,0,1,0,0,0,0
18,0.0,13.451339918139356,14.916952413500999,12.925183519434208,9.346513733165635,0,0,0,0,0,0,0,0,0,0,0,0,0,0,0,0,0,1,0,1,0,0
19,0.0,11.81418188419028,6.22881869049588,6.857980995127572,10.394462694610317,0,0,0,0,0,0,0,0,0,0,1,0,0,0,0,0,0,1,0,1,0,0
20,0.22239242174864637,12.731531176461942,10.133142212400601,7.960001932068081,11.357002092264985,0,0,0,0,0,0,0,0,0,0,0,0,0,0,0,1,0,0,0,0,0,0
21,1.387730153466891,13.10345174171609,13.037375357763239,10.798471801101618,9.649256177517314,0,0,0,0,0,0,0,0,0,0,0,0,0,0,1,0,0,0,0,1,0,0
22,0.0,13.10345174171609,14.31896640501995,10.851749041416058,8.144658242831882,1,1,0,0,0,0,0,0,0,0,1,0,0,0,0,0,0,0,0,0,0,0
23,0.070389327891398,0.0,1.584962500721156,0.0,9.06339508128851,0,0,0,0,1,0,0,0,0,0,1,0,0,0,0,0,0,0,0,0,0,0
24,0.0,13.655195277688318,12.734074491428045,10.510764167917891,9.419960177847889,0,0,0,0,0,0,0,0,0,0,0,0,0,0,0,0,0,0,0,1,0,0
25,0.0,13.273358529266698,13.223850882973418,9.016808287686555,11.562242424221072,0,0,0,0,0,0,0,0,0,0,0,0,0,0,1,0,0,0,0,0,0,0
26,0.28293396366675755,10.55170826162069,12.28828934218097,9.224001674198105,8.92481250360578,0,1,0,0,0,0,0,0,0,0,1,0,0,0,1,0,0,1,0,0,0,0
27,0.0,12.229119220658594,11.755722153642282,8.543031820255237,10.656424863277781,0,1,0,0,0,0,0,0,0,0,0,0,0,0,0,0,0,0,0,0,0,0
28,0.0,12.229119220658594,8.366322214245816,6.20945336562895,11.698270577692032,0,0,0,0,0,0,0,0,0,0,1,0,0,0,0,0,0,1,0,1,0,0
29,2.383128251416285,12.731531176461942,15.148595742596353,10.591522346570734,2.0,1,0,0,0,0,0,0,0,0,0,1,0,0,0,0,0,0,0,0,0,0,0
30,2.396890152659894,12.731531176461942,10.311748315004959,6.20945336562895,7.930737337562887,0,1,0,0,0,0,0,0,0,0,0,0,0,0,1,0,0,0,0,1,0,0
32,1.632268215499513,12.773345291291271,10.113742166049189,6.022367813028454,9.036173612553485,0,0,0,0,1,0,0,0,0,0,0,0,0,0,0,0,0,1,1,0,0,0
34,0.0,11.966144913345602,10.700439718141093,7.266786540694901,0.0,0,0,0,0,0,0,0,0,0,0,1,0,0,0,0,0,0,1,0,1,0,0
35,1.944858445807539,13.213863652749346,14.059344460824425,10.251482410620213,10.751544059089099,1,1,0,0,0,0,0,0,0,0,0,0,0,0,0,0,0,0,0,0,0,0
37,0.0,13.287856641840545,12.079818085212354,10.257387842692651,9.909893083770042,0,0,0,0,0,0,0,0,0,0,0,0,0,0,0,0,0,1,0,0,0,0
38,2.4637968112858712,12.229119220658594,12.004922678569045,7.9886846867721655,6.700439718141092,1,1,0,0,0,0,0,0,0,0,1,0,0,0,1,0,0,0,0,0,0,0
39,2.029747343276281,12.229119220658594,15.152007496194194,10.055282435501189,9.850186837645774,1,1,0,0,1,0,0,0,0,0,1,0,0,0,0,0,0,0,0,0,0,0
40,0.0,12.731531176461942,12.33427328530719,7.515699838284043,9.89026427702111,0,1,0,0,0,0,0,0,0,0,0,0,0,0,0,0,0,0,0,0,0,0
41,1.4329594072761063,12.773345291291271,11.147840893672337,6.3750394313469245,6.392317422778761,1,1,0,0,0,0,0,0,0,0,1,0,0,0,0,0,0,0,0,0,0,0
42,3.6457785022899594,13.135869576648522,14.58084739859277,12.923141750621268,5.491853096329675,1,1,0,0,0,0,0,0,0,0,0,0,0,0,1,0,0,0,0,0,0,0
43,2.9068905956085187,12.258860431409756,12.217048913556338,9.854868383260236,6.894817763307944,0,1,0,0,0,0,0,0,0,0,1,0,0,0,0,0,1,0,0,1,0,1
44,0.9132883665513248,12.288000889707574,14.019590728357882,10.699572453287269,11.25679838607939,1,1,0,0,0,0,0,0,0,0,0,0,0,0,0,0,0,0,0,0,0,0
45,0.5525410233566639,11.773551346428505,6.22881869049588,2.807354922057604,7.149747119504682,0,1,0,0,0,0,0,0,0,0,1,0,0,0,0,0,0,0,0,0,0,0
46,0.0,14.598110672175917,14.473134950387088,12.536732889835415,9.726218159332198,1,1,0,0,0,0,0,0,0,0,0,0,0,0,0,0,0,0,0,0,0,0
47,0.0,13.425347051432823,12.397941971972639,9.899356922923111,10.280770770130603,1,1,0,0,0,0,0,0,0,0,0,0,0,0,1,0,0,0,0,0,0,0
48,0.0,11.731743290707842,10.719388820942083,9.147204924942228,11.720671786825555,1,1,0,0,0,0,0,0,0,0,0,0,0,0,0,0,0,0,0,0,0,0
49,0.48542682717024166,0.0,3.9068905956085187,2.321928094887362,9.219168520462162,0,0,0,0,1,0,0,1,0,0,0,1,0,0,0,0,0,1,0,0,0,0
50,0.3968901529338237,11.036860446673046,11.476239906323851,8.96289600533726,8.57742882803575,1,0,0,0,0,0,1,0,0,0,0,0,0,0,0,0,0,0,0,0,0,0
51,0.0,13.451339918139356,12.784021324374178,9.489847960439297,10.096715154488535,0,1,0,0,0,0,0,0,0,0,1,0,0,0,1,0,0,0,0,1,0,0
52,0.0,12.731531176461942,14.008691224693802,11.03823313473178,10.30035256032822,1,0,0,0,0,0,0,0,0,0,1,0,0,0,0,0,0,0,0,0,0,0
53,1.5769251814945429,12.55098721452152,12.244066464194818,7.129283016944966,0.0,0,1,0,0,1,0,0,0,0,0,1,0,0,0,0,0,0,0,0,0,0,0
54,3.95884267524324,13.965874450284495,15.264149339723328,11.604553229079038,9.226412192788786,1,1,0,0,0,0,0,0,0,0,0,0,0,0,0,0,0,0,0,0,0,0
55,0.2630344058337938,13.287856641840545,10.929258408636972,9.705632387361415,10.111135670234708,1,0,0,0,0,0,0,0,0,0,0,0,0,0,1,0,0,1,0,0,0,0
56,2.302562769922952,12.75258971764099,9.087462841250339,6.539158811108031,11.945077995107816,0,1,0,0,0,0,0,0,0,0,0,0,0,0,1,0,0,0,0,0,0,0
57,0.0,12.229119220658594,11.454299293619899,7.409390936137702,10.675074920385445,1,1,0,0,0,0,0,0,0,0,0,0,0,0,1,0,0,1,0,1,0,0
58,2.0987339534730873,14.228893828905882,13.332036548361652,10.437752072323603,10.026523442519766,1,1,0,0,0,0,0,0,0,0,0,0,0,0,1,0,0,0,0,0,0,0
59,0.0,13.273358529266698,12.037890085142507,9.681238411777805,11.847840355630714,0,0,0,0,0,0,0,0,0,0,0,0,0,0,0,0,0,0,0,1,0,0
60,0.45066140936144206,0.0,6.870364719583405,1.0,8.994353436858859,1,1,0,0,1,0,1,1,0,0,0,1,0,0,0,0,0,0,1,0,0,0
61,0.9004643267067097,10.10459875356437,5.754887502163468,5.087462841250339,9.019590728357882,1,0,0,0,0,0,0,0,0,0,1,0,0,0,1,0,0,0,0,1,0,0
62,0.0,13.451339918139356,14.026091122525854,10.482807956726667,10.19598729802851,1,0,0,0,0,0,0,0,0,0,0,0,0,0,0,0,0,0,0,0,0,0
63,0.0,0.0,9.445014845868423,7.022367813028454,9.326429487122303,1,0,0,0,0,0,0,1,0,0,1,0,0,0,0,0,0,0,0,0,0,0
64,0.0,11.81418188419028,10.888743248898258,7.339850002884624,11.398209261466851,1,1,0,0,0,0,0,0,0,0,0,0,0,0,0,0,0,0,0,0,0,0
65,0.0,0.0,0.0,0.0,0.0,0,0,0,0,1,0,1,1,0,0,0,0,0,0,0,0,0,0,0,1,0,0
66,0.0,12.288000889707574,8.603626344986193,6.554588851677638,10.682116764950074,1,0,0,0,0,0,0,0,0,0,1,0,0,0,0,0,0,0,0,0,0,0
67,0.6476982563760753,0.0,5.0,0.0,9.071462362556623,0,1,0,0,0,0,0,0,0,0,1,0,0,0,0,0,0,1,0,0,0,0
69,1.070389327891398,12.229119220658594,9.857980995127573,6.3750394313469245,9.65284497300198,1,1,0,0,0,0,0,0,0,0,1,0,0,0,0,0,0,0,0,0,0,0
70,0.0,11.34485068394299,9.693486957499326,6.643856189774724,8.721099188707186,0,1,0,0,0,0,0,0,0,0,1,0,0,0,0,0,0,0,0,0,0,0
71,0.5525410233566639,13.135869576648522,13.62159403901754,10.512740462803498,6.392317422778761,1,0,0,0,0,0,0,0,0,0,1,0,0,0,1,0,0,1,0,1,0,0
72,1.070389327891398,11.81418188419028,13.190442018782825,9.92481250360578,9.052568050804153,0,1,0,0,0,0,0,0,0,0,1,0,0,0,0,0,0,0,0,1,0,0
73,0.0,12.229119220658594,7.807354922057604,6.087462841250339,7.870364719583405,1,1,0,0,0,0,0,0,0,0,1,0,0,0,0,0,0,0,0,0,0,0
74,0.18057224521749873,11.81418188419028,14.984729964694981,10.723660944409984,10.663558104217273,1,1,0,0,0,0,0,0,0,0,1,0,0,0,0,0,0,0,0,0,0,0
75,0.0,11.81418188419028,6.569855608330948,5.807354922057604,11.911017407796985,1,0,0,0,0,0,0,0,0,0,0,0,0,0,0,0,0,0,0,1,0,0
77,2.0238467420726214,11.34485068394299,9.250298417906333,7.6293566200796095,9.679480099505446,0,1,0,0,0,0,0,0,0,0,1,0,0,0,0,0,0,0,0,0,0,0
78,0.0,12.929443357684196,10.959277505720502,8.689997971419446,9.4655664048094,0,1,0,0,0,0,0,0,0,0,1,0,0,0,0,0,0,0,0,0,0,0
79,1.5109619192773793,11.81418188419028,14.933506249629444,10.40832974076739,11.025831668332026,1,0,0,0,0,0,0,0,0,0,0,0,0,0,0,0,0,0,0,0,0,0
80,0.0,13.273358529266698,11.365775635326269,8.731319031025064,9.479780264029099,0,0,0,0,0,0,0,0,0,0,1,0,0,0,0,0,0,1,0,1,0,0
81,0.070389327891398,11.644306961545581,11.744413410557655,7.098032082960526,10.919608238603253,0,0,0,0,0,0,0,0,0,0,0,0,0,0,0,0,0,1,0,1,0,0
82,2.790076930695296,12.731531176461942,13.463907474412858,8.94251450533924,10.28424574982967,1,1,0,0,0,0,0,0,0,0,1,0,0,0,0,0,0,0,0,0,0,0
83,2.8810119638481932,13.213863652749346,10.433585441150495,8.611024797307353,8.499845887083206,0,0,0,0,0,0,0,0,0,0,0,0,0,0,1,0,0,0,0,0,0,0
84,0.0,12.929443357684196,11.950920352030098,10.482807956726667,10.580258567499788,0,0,0,0,0,0,0,0,0,0,1,0,0,0,0,0,0,1,0,1,0,0
85,0.18057224521749873,0.0,8.03342300153745,5.643856189774724,9.46352437327118,0,0,0,0,0,0,0,1,0,0,1,1,0,0,0,0,0,0,0,0,0,0
86,0.1591985952799092,9.231221180711186,12.586136091480487,7.434628227636725,8.791162888555018,0,0,0,0,1,0,0,0,0,0,1,0,0,0,0,0,0,0,0,0,0,0
87,0.0,12.731531176461942,8.375039431346925,7.672425341971495,11.823367240046235,1,0,0,0,0,0,0,0,0,0,0,0,0,0,0,0,0,0,0,0,0,0
88,0.0,0.0,12.292609222764296,8.734709620225837,11.46454575033394,1,0,0,0,0,0,0,0,0,0,0,0,0,0,0,0,0,0,0,0,0,0
89,2.029747343276281,14.036259484702606,13.838416075797337,11.552188759557149,9.372865060112588,1,1,0,0,0,0,0,0,0,0,0,0,0,0,0,0,0,0,0,0,0,0
90,5.077527863335038,13.273358529266698,16.067203248853573,14.733227217851562,9.569855608330949,0,0,0,0,0,0,0,0,0,0,0,0,0,0,1,0,0,0,0,0,0,0
91,0.13750352374993502,14.867906113836245,9.407267764244732,7.459431618637297,9.69522829149575,1,0,0,0,0,0,0,0,0,0,0,0,0,0,0,0,0,0,0,0,0,0
92,0.0,13.213863652749346,14.599099237711489,10.473705749619416,10.94982671075911,0,0,0,0,0,0,0,0,0,0,0,0,0,0,0,0,0,0,0,1,0,0
93,0.0,12.288000889707574,11.522581531254831,7.94251450533924,6.78135971352466,0,1,0,0,0,0,0,0,0,0,1,0,0,0,0,0,0,0,0,0,0,0
94,0.5360529002402097,11.85369942030022,16.817408412008984,10.691743519171276,11.002815015607053,1,1,0,0,0,0,0,0,0,0,0,0,0,0,0,0,0,0,0,0,0,0
95,1.3410369176452386,13.451339918139356,11.59944798152872,9.068778277985412,8.59618975614441,1,1,0,0,0,0,0,0,0,0,1,0,0,0,0,0,0,0,0,0,0,0
96,0.0,11.81418188419028,10.139551352398794,7.539158811108031,10.814582465906277,0,0,0,0,0,0,0,0,0,0,1,0,0,0,0,0,0,0,0,0,0,0
97,0.0,12.947819546020028,10.445014845868423,7.266786540694901,10.30149619498255,0,1,0,0,0,0,0,0,0,0,1,0,0,0,0,0,0,0,0,0,0,0
98,0.0,12.229119220658594,8.361943773735241,5.491853096329675,11.057991722759176,1,1,0,0,0,0,0,0,0,0,1,0,0,0,0,0,0,0,0,0,0,0
99,0.0,12.036517070486518,8.67595703294175,6.3750394313469245,9.303780748177102,1,0,0,0,0,0,0,0,0,0,1,0,0,0,0,0,0,0,0,1,0,0
100,0.8479969065549501,11.81418188419028,18.298765158975975,13.832791141873239,11.962173031109709,0,0,0,0,0,0,0,0,0,0,1,0,0,0,0,0,0,1,0,0,0,0
101,0.13750352374993502,12.731531176461942,10.467605550082997,7.721099188707185,6.426264754702098,0,1,0,0,0,0,0,0,0,0,1,0,0,0,0,0,0,0,0,0,0,0
102,1.925999418556223,11.81418188419028,9.988684686772165,6.569855608330948,11.81177605532666,1,1,0,0,0,0,0,0,0,0,0,0,0,0,1,0,0,0,0,0,0,0
103,0.0,11.81418188419028,8.873444112515376,5.459431618637297,11.661778097771988,0,0,0,0,0,0,0,0,0,0,1,0,0,0,0,0,0,0,0,0,0,0
104,0.5849625007211562,11.502334580197997,15.083894790269454,10.506803437795647,10.678600139099458,0,0,0,0,0,0,0,0,0,0,1,0,0,0,0,0,0,1,0,1,0,0
105,0.0,13.258713240159219,11.369052007001388,10.295768934420508,9.4241662888181,0,0,0,0,0,0,0,0,0,0,0,0,0,0,0,0,0,0,0,1,0,0
106,0.0,13.10345174171609,10.824958740528523,7.562242424221073,9.417852514885897,0,1,0,0,0,0,0,0,0,0,0,0,0,0,0,0,0,0,0,0,0,0
107,0.047305714312971286,0.0,0.0,0.0,8.965784284662087,0,0,0,1,0,0,0,0,0,0,1,0,0,0,0,0,0,0,0,0,0,0
108,0.0,11.85369942030022,8.857980995127573,7.044394119358453,2.584962500721156,0,1,0,0,0,0,0,0,0,0,1,0,0,0,0,0,0,1,0,0,0,0
109,1.4240262823268819,12.773345291291271,11.61194694181998,9.219168520462162,9.00842862207058,1,0,0,0,0,0,0,0,0,0,1,0,0,0,0,0,0,0,0,1,0,0
110,0.0,12.947819546020028,9.257387842692651,7.734709620225838,9.843921051289035,0,1,0,0,0,0,0,0,0,0,1,0,0,0,0,0,0,0,0,0,0,0
111,0.32192809488736235,12.731531176461942,13.14194745831562,9.445014845868423,10.475733430966399,0,0,0,0,0,0,0,0,0,0,0,0,0,0,1,0,0,0,0,0,0,0
112,0.11547721697602968,0.0,2.0,1.584962500721156,10.019590728357882,1,0,0,0,1,0,0,1,0,0,1,0,0,0,0,0,0,0,0,0,0,0
113,1.4594316186372973,12.731531176461942,10.717676423066395,8.62935662007961,10.543031820255237,0,0,0,0,0,0,0,0,0,0,0,0,0,0,1,0,0,0,0,0,0,0
115,0.2630344058337938,13.273358529266698,13.240045945919135,9.321928094887362,11.743572188935634,1,0,0,0,0,0,0,0,0,0,0,0,0,0,1,0,0,0,0,0,0,0
116,0.0,13.287856641840545,13.109340968793223,9.73978060977326,9.147204924942228,1,1,0,0,0,0,0,0,0,0,0,0,0,0,0,0,0,0,0,0,0,0
117,0.0,12.731531176461942,12.34179677239183,9.113742166049189,11.579315937580015,1,0,0,0,0,0,0,0,0,0,0,0,0,0,0,0,0,0,0,0,0,0
118,1.2730184946054086,10.10459875356437,10.4241662888181,6.523561956057013,9.674192268145683,0,1,0,0,0,0,0,0,0,0,1,0,0,0,0,0,0,0,0,0,0,0
120,1.722466024471091,12.731531176461942,8.383704292474052,4.643856189774724,9.214319120800766,0,0,0,0,0,1,0,0,0,1,0,0,0,0,0,0,0,0,0,0,0,0
121,0.0,12.229119220658594,8.731319031025064,10.494855584491198,9.935165049603695,1,0,0,0,0,0,0,0,0,0,0,0,0,0,1,0,0,0,0,0,0,0
122,0.5849625007211562,12.773345291291271,12.987619311924325,9.733015321685963,6.539158811108031,0,0,0,0,0,0,0,0,0,0,1,0,0,0,0,0,0,1,0,0,0,0
123,0.6166713601348649,13.0534168447575,13.028251428162793,9.977279923499916,10.30149619498255,0,0,0,0,0,0,0,0,0,0,1,0,0,0,1,0,0,0,0,1,0,0
124,0.0,12.773345291291271,8.714245517666123,5.426264754702098,10.874212934830874,0,1,0,0,0,0,0,0,0,0,1,0,0,0,0,0,0,0,0,0,0,0
125,0.0,12.773345291291271,11.583552930466485,8.20945336562895,2.807354922057604,0,1,0,0,0,0,1,0,0,0,0,0,0,0,0,0,0,0,0,0,0,0
126,0.18057224521749873,0.0,2.807354922057604,1.584962500721156,7.507794640198696,1,0,0,0,0,0,1,1,0,0,0,0,0,0,0,0,0,0,0,0,0,0
127,0.0,0.0,0.0,0.0,2.321928094887362,0,0,0,0,1,0,0,1,0,0,0,0,0,0,0,0,0,0,0,0,0,0
128,0.0,12.75258971764099,9.310612781659529,6.794415866350106,9.030667136246942,0,1,0,0,0,0,0,0,0,0,1,0,0,0,0,0,0,0,0,0,0,0
129,0.0,13.273358529266698,9.812177305514448,5.727920454563199,9.766528908598865,0,1,0,0,0,0,0,0,1,0,0,0,0,0,0,0,0,0,0,0,0,1
130,1.2630344058337937,13.910736408924313,11.053925881531105,8.383704292474052,8.894817763307943,0,0,0,0,0,0,0,0,0,0,0,0,0,0,0,1,0,0,0,0,0,0
131,0.02384674242738247,12.731531176461942,11.446566409066067,8.81698362325538,9.778077129535358,0,0,0,0,0,0,0,0,0,0,1,0,0,0,0,0,0,0,0,1,0,0
132,0.707819248212262,12.731531176461942,13.371232128369622,9.79603960882977,10.079484783826816,1,0,0,0,0,0,0,0,0,0,0,0,0,0,0,0,0,0,0,0,0,0
133,5.654874667923741,14.910689570457322,15.782614353488789,14.308267917629676,2.0,1,0,0,0,0,0,0,0,0,0,0,0,0,0,0,0,0,0,0,0,0,0
134,0.0,10.814582465906277,10.079484783826816,6.266786540694901,6.700439718141092,0,1,0,0,0,0,0,0,0,0,1,0,0,0,0,0,0,0,0,0,0,0
135,0.0,12.75258971764099,11.000704269011246,9.787902559391432,9.566054038171092,0,0,0,0,0,0,0,0,0,0,0,0,0,0,0,0,0,0,0,1,0,0
136,0.8875252707415875,13.10345174171609,10.926295994781112,11.527477006060396,10.494855584491198,1,0,0,0,0,0,0,0,0,0,0,0,0,0,0,0,0,1,0,0,0,0
137,0.0,12.229119220658594,8.988684686772165,6.599912842187128,9.649256177517314,1,0,0,0,0,0,0,0,0,0,1,0,0,0,0,0,0,0,0,1,0,0
138,0.765534746362977,13.451339918139356,13.004220466318195,10.476746203939467,9.303780748177102,1,0,0,0,0,0,0,0,0,0,0,0,0,0,0,0,0,0,0,0,0,0
139,0.0,12.526743742999686,9.35974956032233,7.118941072723508,10.930737337562887,0,1,0,0,0,0,0,0,0,0,1,0,0,0,0,0,0,0,0,0,0,0
140,0.0,14.709999211132706,13.028769420523412,10.995060467032719,9.918863237274595,1,1,0,0,1,0,0,0,0,0,0,1,0,0,0,0,0,0,0,0,0,0
141,0.0,13.451339918139356,8.515699838284043,5.807354922057604,7.554588851677638,1,1,0,0,0,0,0,0,0,0,1,0,0,0,0,0,0,0,0,0,0,0
142,0.5849625007211562,9.64565843240871,13.185959435631318,10.222794902868111,8.611024797307353,0,0,0,0,1,0,0,0,0,0,1,0,0,0,1,0,0,1,0,0,0,0
143,2.383128251416285,11.85369942030022,12.38855550398256,8.654636028527968,8.049848549450562,0,1,0,0,0,0,0,0,0,0,1,0,0,0,0,0,0,0,0,0,0,0
144,0.0,13.501961549803964,12.499845887083206,8.909893083770042,11.036860446673046,0,0,0,0,0,0,0,0,0,0,1,0,0,0,0,0,0,0,0,1,0,0
145,0.0,12.773345291291271,6.087462841250339,6.22881869049588,7.169925001442312,1,1,0,0,0,0,0,0,0,0,1,0,0,0,0,0,0,1,0,0,0,0
146,0.0,13.135869576648522,11.44604940671655,8.682994583681683,8.92481250360578,0,0,0,0,0,0,0,0,0,0,0,0,0,0,1,0,0,0,0,0,0,0
147,0.0,12.947819546020028,10.070120944476823,6.9886846867721655,10.134426320220927,0,1,0,0,0,0,0,0,0,0,1,0,0,0,0,0,0,0,0,0,0,0
148,0.0,11.85369942030022,9.259743263690781,7.426264754702098,10.469641817239516,0,1,0,0,0,0,0,0,0,0,0,0,0,0,0,0,0,0,0,0,0,0
149,1.560714954474479,13.135869576648522,15.378565810000563,9.407267764244732,9.194756854422248,0,0,0,0,1,0,1,0,0,0,1,0,0,0,0,0,0,1,0,1,0,0
150,0.0,12.036517070486518,11.94288099715904,9.011227255423254,8.467605550082997,0,1,0,0,0,0,0,0,0,0,1,0,0,0,0,0,0,0,0,0,0,0
151,1.4240262823268819,11.731743290707842,9.038918989292302,6.426264754702098,8.741466986401146,0,1,0,0,0,0,0,0,0,0,1,0,0,0,0,0,0,0,0,0,0,0
152,0.0,12.731531176461942,13.075479149488016,10.220378327695228,10.804131021183318,1,1,0,0,0,0,0,0,0,0,0,0,0,0,0,0,0,0,0,0,0,0
153,0.22239242174864637,13.10345174171609,11.787086324551616,10.094077685671905,10.169925001442312,1,0,0,0,0,0,0,0,0,0,0,0,0,0,1,0,0,1,0,0,0,0
154,0.9757524539978474,13.273358529266698,11.20212382383046,8.027905996569885,10.121533517340032,0,0,0,0,0,0,0,0,0,0,1,0,0,0,1,0,0,0,0,1,0,0
155,0.13750352374993502,11.644306961545581,9.642051692927977,5.727920454563199,10.258566033889933,1,1,0,0,1,0,0,0,0,0,1,0,0,0,1,0,0,0,0,1,0,0
156,0.0,0.0,8.459431618637296,6.523561956057013,9.823367240046235,0,1,0,0,1,0,0,1,1,0,1,0,0,0,0,0,0,0,0,0,0,1
157,0.2630344058337938,0.0,10.74819284958946,8.280770770130603,8.005624549193879,1,1,0,0,1,0,0,1,0,0,1,1,0,0,1,0,0,1,0,0,0,0
158,2.081794091050049,12.731531176461942,13.487714445571317,10.087462841250339,10.38586240064146,1,0,0,0,0,0,0,0,0,0,0,0,0,0,1,0,0,0,0,0,0,0
159,0.0,12.731531176461942,10.337621901992508,9.098032082960527,11.245552706255681,1,0,0,0,0,0,0,0,0,0,0,0,0,0,0,0,0,0,0,0,0,0
160,3.7831073761602476,12.731531176461942,14.648919269788179,12.586839787961827,9.995767150877802,1,0,0,0,0,0,0,0,0,0,0,0,0,0,0,0,0,0,0,0,0,0
161,3.4594316186372973,13.947728244875114,13.438661921021376,10.804937672051908,8.144658242831882,1,1,0,0,0,0,0,0,0,0,0,0,0,0,0,0,0,0,0,0,0,0
162,0.0,11.103943429891558,8.413627929024173,5.357552004618084,8.88264304936184,0,1,0,0,0,0,0,0,0,0,1,0,0,0,0,0,0,0,0,0,0,0
163,5.708279218143105,11.81418188419028,17.755500496435896,12.647233549977045,11.106562940444883,1,1,0,0,0,0,0,0,0,0,1,0,0,0,1,0,0,0,0,0,0,0
164,0.0,13.752485185884188,10.26795708440284,9.49585502688717,9.357552004618084,1,1,0,0,0,0,0,0,0,0,1,1,0,0,1,0,0,0,0,1,0,0
165,0.0,12.229119220658594,11.283667167491501,8.96289600533726,10.89178370321831,1,0,0,0,0,0,0,0,0,0,1,0,0,0,0,0,0,0,0,0,0,0
166,0.0,11.598517810612622,6.409390936137702,4.754887502163468,8.682994583681683,0,1,0,0,0,0,0,0,0,0,1,0,0,0,0,0,0,0,0,0,0,0
167,4.6967357491922375,0.0,9.618385502258606,6.409390936137702,7.0,0,1,0,0,1,0,0,1,0,0,1,0,0,0,1,0,0,1,0,1,0,0
168,1.4681488359122248,13.609755885423706,13.17617314910749,10.149747119504681,6.475733430966398,1,1,0,0,0,0,0,0,0,0,0,0,0,0,1,0,0,0,0,0,0,0
169,0.5849625007211562,14.044820990101837,10.593391122791736,9.310612781659529,8.357552004618084,0,0,0,0,0,0,0,0,0,0,0,0,0,0,1,0,0,0,0,1,0,0
170,1.8073549220576042,11.34485068394299,12.051888655905378,8.0,2.584962500721156,0,0,0,0,1,0,0,0,0,0,1,0,0,0,0,0,0,0,0,1,0,0
171,0.0,13.609755885423706,11.45532722030456,8.876516946565,10.742309436084,1,1,0,0,0,0,0,0,0,0,0,0,0,0,0,0,0,0,0,0,0,0
172,0.0,13.710053040024412,12.771695789850023,8.727920454563199,9.283088353024002,0,0,0,0,0,0,0,0,0,0,0,0,0,0,0,0,0,1,0,1,0,0
173,1.4594316186372973,12.288000889707574,14.076732105338612,8.800899899920305,10.624795455860237,0,1,0,0,0,0,0,0,0,0,0,0,0,0,0,0,0,0,0,0,0,0
174,0.0,12.731531176461942,11.992938336165814,8.63662462054365,8.721099188707186,1,1,0,0,0,0,0,0,0,0,1,0,0,0,0,0,0,0,0,0,0,0
175,0.0,12.731531176461942,9.560332834212442,7.03342300153745,10.358651200892886,0,1,0,0,0,0,0,0,0,0,0,0,0,0,1,0,0,0,0,1,0,0
176,0.0,13.655195277688318,13.938109326219239,11.369597346278677,9.927777962082342,0,0,0,0,0,0,0,0,0,0,0,0,0,0,1,0,0,0,0,0,0,0
177,0.11547721697602968,11.81418188419028,9.566054038171092,7.614709844115208,9.50382573799575,0,0,0,0,0,0,0,0,0,0,1,0,0,0,1,0,0,0,0,0,0,0
178,0.0,11.81418188419028,10.30149619498255,8.960001932068081,10.064742764750257,0,1,0,0,0,0,0,0,0,0,1,0,0,0,0,0,0,0,0,0,0,0
179,0.070389327891398,13.10345174171609,11.109830654278793,8.894817763307943,6.845490050944375,0,1,0,0,0,0,0,0,0,0,1,0,0,0,0,0,0,0,0,0,0,0
180,0.0,13.273358529266698,13.61401961443572,10.77066389291676,9.658211482751796,1,1,0,0,0,0,0,0,0,0,0,0,0,0,0,0,0,0,0,0,0,0
182,0.0,12.644081593265675,12.90839262077375,11.971184272404678,9.129283016944967,1,0,0,0,0,0,0,0,0,0,0,0,0,0,1,0,0,0,0,0,0,0
183,3.9479777873401205,12.39901083295199,12.144339591247839,8.909893083770042,6.087462841250339,1,1,0,0,0,0,0,0,0,0,1,0,0,0,0,0,0,0,0,0,0,0
184,0.0,13.655195277688318,13.615974408158863,11.486332252768664,9.945443836377912,1,0,0,0,0,0,0,0,0,0,0,0,0,0,0,0,0,0,0,0,0,0
185,0.874469117653833,13.632654470109477,17.686808259818903,12.282798858683533,10.414685235807214,0,0,0,0,0,0,0,0,0,0,0,0,0,0,1,0,0,0,0,0,0,0
186,2.383128251416285,12.229119220658594,9.417852514885897,5.285402218862249,9.83605035505807,0,1,0,0,0,0,0,0,0,0,1,0,0,0,0,0,0,0,0,0,0,0
187,0.047305714312971286,13.273358529266698,12.44086916761087,8.703903573444663,11.445014845868423,0,0,0,0,0,0,0,0,0,0,0,0,0,0,1,0,0,0,0,0,0,0
188,0.0,12.710160691782914,8.826548487290914,7.330916878114617,11.971184272404678,1,1,0,0,0,0,0,0,0,0,0,0,0,0,0,0,0,0,0,0,0,0
189,0.6780719051126377,12.229119220658594,10.4231159101471,6.129283016944966,9.211888294546004,1,1,0,0,0,0,0,0,0,0,1,0,0,0,1,0,0,0,0,0,0,0
190,0.9879271674569553,14.053331987830681,14.965513753978875,10.048486873992337,10.74819284958946,1,1,0,0,0,0,0,0,0,0,0,0,0,0,0,0,0,0,0,0,0,0
191,0.2630344058337938,10.55170826162069,11.456354415108288,8.945443836377912,9.92035285541508,0,1,0,0,1,0,0,0,0,0,1,0,0,0,0,0,0,0,0,0,0,0
192,2.8711865339925664,14.344365266587058,13.027905996569885,11.281350514981035,9.943979914343739,1,1,0,0,0,0,0,0,0,0,0,0,0,0,0,0,0,0,0,0,0,0
193,0.0,12.502085903985904,12.47269083924278,10.409390936137703,10.064742764750257,0,1,0,0,0,0,0,0,0,0,1,0,0,0,1,0,0,0,0,1,0,0
194,0.0,12.731531176461942,12.382353833664512,9.451211111832329,10.14210705730255,0,1,0,0,0,0,0,0,0,0,1,0,0,0,0,0,0,0,0,0,0,0
195,1.6400038644334172,11.773551346428505,14.972845200027583,12.371504412043336,9.287712379549449,0,1,0,0,0,0,0,0,0,0,1,0,0,0,0,0,0,0,0,0,0,0
196,1.8612937290360505,13.10345174171609,17.929876739129988,15.618213414819875,9.556506054671928,1,0,0,0,0,0,0,0,0,0,0,0,0,0,0,0,0,0,0,0,0,0
197,6.54895031346652,13.69924709450952,15.536581134227031,11.281350514981035,6.357552004618084,0,1,0,0,0,0,0,0,0,0,0,0,0,0,1,0,0,0,0,1,0,0
198,0.0,0.0,11.805340828416384,9.57553924683453,9.980139577639157,0,1,0,0,0,0,0,0,0,0,1,0,0,0,1,0,0,0,0,1,0,0
199,0.0,12.731531176461942,15.348797300150757,11.228818690495881,10.391243589427443,0,1,0,0,0,0,0,0,0,0,1,0,0,0,0,0,0,1,0,0,0,0
200,0.0,0.0,0.0,0.0,8.087462841250339,0,1,0,0,0,0,0,1,0,0,0,0,0,0,0,0,0,0,0,0,0,0
201,0.0,12.773345291291271,10.474719946526482,7.2761244052742375,10.153552031708111,0,1,0,0,0,0,0,0,0,0,0,0,0,0,0,0,0,0,0,0,0,0
202,1.1154772176418892,12.288000889707574,10.232420927176076,8.214319120800766,8.686500527183219,1,1,0,0,0,0,0,0,0,0,1,0,0,0,0,0,0,0,0,0,0,0
203,1.1699250014423124,12.229119220658594,11.986908624697694,9.131856960608793,7.94251450533924,0,0,0,0,0,0,0,0,0,0,1,0,0,0,0,0,0,1,0,1,0,0
204,1.2630344058337937,12.965964610272083,15.417292148952193,12.016460104979208,7.169925001442312,0,1,0,0,0,0,0,0,0,0,1,0,0,0,0,0,0,1,0,1,0,0
205,0.02384674242738247,0.0,11.406205005418855,8.379378367071261,9.751544059089099,1,0,0,0,0,0,0,1,0,0,0,0,0,0,0,0,0,0,0,0,0,0
206,0.3968901529338237,12.55098721452152,12.7710767402628,9.319672120946995,9.192292814470767,1,0,0,0,0,0,0,0,1,0,1,0,0,0,1,0,0,0,0,0,0,1
207,0.0,11.81418188419028,10.253847484987404,8.927777962082342,11.70173963867435,0,0,0,0,0,0,0,0,0,0,0,0,0,0,1,0,0,0,0,0,0,0
210,0.0,12.288000889707574,7.149747119504682,4.857980995127572,9.80896417491926,0,1,0,0,0,0,0,0,0,0,0,0,0,0,0,0,0,0,0,0,0,0
211,0.0,13.501961549803964,12.20212382383046,10.158609688214478,10.47269083924278,1,0,0,0,0,0,0,0,0,0,0,0,0,0,0,0,0,0,0,1,0,0
212,2.3738801744293063,12.731531176461942,13.655530723155643,9.955649907528374,7.94251450533924,1,1,0,0,1,0,0,0,0,0,1,0,0,0,0,0,0,1,0,0,0,0
213,3.6457785022899594,11.85369942030022,17.560564208178018,15.057314877782703,10.178664851006472,1,0,0,0,0,0,0,0,0,0,0,0,0,0,1,0,0,0,0,0,0,0
214,2.867896463992655,13.526621496247854,12.928703419193356,11.30720080914081,9.501837184902296,1,0,0,0,0,0,0,0,0,0,0,0,0,0,0,0,0,0,1,0,0,0
215,0.0,11.81418188419028,12.196294745028263,9.264442600226602,10.948367231584678,1,0,0,0,0,0,0,0,0,0,1,0,0,0,0,0,0,0,0,0,0,0
216,0.2016338611696504,11.966144913345602,7.475733430966398,5.700439718141092,9.92035285541508,0,0,0,0,0,0,0,0,0,0,0,0,0,0,1,0,0,0,0,1,0,0
217,0.0,12.731531176461942,10.274960472140602,7.651051691178929,9.611024797307353,0,1,0,0,0,0,0,0,0,0,1,0,0,0,0,0,0,0,0,0,0,0
218,3.4440485858937255,12.75258971764099,14.972800335224479,13.173364830849037,6.569855608330948,0,0,0,0,0,0,0,0,0,0,0,1,0,0,1,0,0,0,0,0,0,0
219,0.502500340868641,11.34485068394299,12.258271576282851,10.462502272597265,10.5401280385821,1,0,0,0,0,0,0,0,0,0,1,0,0,0,0,0,0,0,0,0,0,0
220,3.4172899509652086,23.931559642620993,16.23734068786444,11.734709620225837,10.709083812550343,1,1,0,0,0,0,0,0,0,0,0,0,0,0,0,0,0,0,0,0,0,0
221,5.043665301293193,12.288000889707574,10.689997971419446,8.581200581924957,8.985841937003341,0,0,0,0,0,0,0,0,0,0,1,0,0,0,1,0,0,0,0,0,0,0
222,3.0902888853855686,14.175315631699174,10.853309555403674,9.333155350310616,9.353146825498083,1,1,0,0,0,0,0,0,0,0,0,0,0,0,0,0,0,0,0,0,0,0
223,0.0,13.213863652749346,15.843921051289035,11.491853096329674,10.837627933171404,1,0,0,0,0,0,0,0,0,0,0,0,0,0,0,0,0,0,0,0,0,0
224,0.0,12.773345291291271,14.880396642079239,10.260919533662905,10.703038388986418,1,1,0,0,0,0,0,0,0,0,1,0,0,0,0,0,0,0,0,0,0,0
225,2.011972641546845,0.0,16.402978726130165,11.381542951184585,9.233619676759702,1,1,0,0,0,0,0,0,0,0,0,0,0,0,0,0,0,0,0,0,0,0
226,2.5277376321115987,13.752485185884188,16.971262872888698,15.695935108504049,9.361943773735241,1,1,0,0,0,0,0,0,0,0,1,1,0,0,1,0,0,0,0,0,0,0
227,1.6780719051126378,13.135869576648522,12.239300174364203,9.618385502258606,8.459431618637296,0,1,0,0,0,0,0,0,0,0,0,0,0,0,1,0,0,0,0,0,0,0
228,2.678071905112638,13.451339918139356,13.19075064966236,10.10459875356437,9.25502856981873,0,1,0,0,0,0,0,0,0,0,1,0,0,0,1,0,0,0,0,1,0,0
229,0.11547721697602968,12.731531176461942,10.145932145820515,8.154818109052105,10.932214751968385,1,0,0,0,0,0,0,0,0,0,1,0,0,0,0,0,0,0,0,1,0,0
230,2.59295529139498,11.81418188419028,13.59944798152872,10.382624026574916,11.147204924942228,1,0,0,0,0,0,0,0,0,0,0,0,0,0,1,0,0,0,0,0,0,0
231,0.32192809488736235,13.213863652749346,13.545447181678094,10.980853606379736,11.124121311829187,0,1,0,0,0,0,0,0,0,0,0,0,0,0,0,0,0,0,0,1,0,0
232,0.0,13.135869576648522,7.936637939002571,6.643856189774724,8.45532722030456,0,1,0,0,0,0,0,0,0,0,1,0,0,0,0,0,0,0,0,0,0,0
233,0.02384674242738247,13.632654470109477,16.072132604167233,12.413098984915264,10.200898605038445,1,0,0,0,0,0,0,0,0,0,0,0,0,0,1,0,0,0,0,0,0,0
234,2.674309986241102,0.0,6.266786540694901,2.584962500721156,8.357552004618084,1,1,0,0,0,0,0,1,0,0,0,0,0,0,1,0,0,1,0,0,0,0
235,0.0,12.288000889707574,8.134426320220927,6.357552004618084,5.754887502163468,1,1,0,0,0,0,0,0,0,0,1,0,0,0,0,0,0,0,0,0,0,0
236,4.906088875482575,0.0,11.625708843064466,10.684748620421626,8.471675214392045,1,1,0,0,0,0,0,0,0,0,1,0,0,0,1,0,0,1,0,0,0,0
237,0.0,12.731531176461942,10.694357887221452,8.233619676759702,10.453270634010623,0,1,0,0,0,0,0,0,0,0,1,0,0,0,1,0,0,0,0,1,0,0
238,0.722466024471091,12.731531176461942,14.44015542789226,11.389631339260522,10.467605550082997,0,0,0,0,0,0,0,0,0,0,1,0,0,0,0,0,0,1,0,1,0,0
239,0.0,11.598517810612622,5.672425341971495,2.584962500721156,8.658211482751796,0,1,0,0,0,0,0,0,0,0,1,0,0,0,0,0,0,0,0,0,0,0
240,0.28293396366675755,13.287856641840545,10.179909090014934,6.930737337562887,10.191059214531656,0,1,0,0,0,0,0,0,0,0,1,0,0,0,0,0,0,0,0,0,0,0
241,0.0,13.10345174171609,11.714674827308002,9.266786540694902,10.558420713268664,0,0,0,0,0,0,0,0,0,0,1,0,0,0,0,0,0,1,0,1,0,0
242,0.0,11.81418188419028,10.164906926675688,6.94251450533924,12.077149515589733,0,0,0,0,0,0,0,0,0,0,1,0,0,0,0,0,0,0,0,1,0,0
243,0.0,13.135869576648522,13.330916878114618,10.489847960439297,8.405141463136344,1,1,0,0,0,0,0,0,1,0,1,0,0,1,0,0,1,0,0,0,0,1
244,3.324330585150677,12.526743742999686,13.549544038301587,9.52943055414615,11.61194694181998,0,0,0,0,0,0,0,0,0,0,0,0,0,0,1,0,0,0,0,0,0,0
245,0.32192809488736235,14.709999211132706,12.647233549977045,8.774787059601174,8.974414589805527,1,0,0,0,0,0,0,0,0,0,0,0,0,0,1,0,0,0,0,0,0,0
246,0.0,11.81418188419028,10.811374693509942,8.049848549450562,11.63117705570398,0,0,0,0,0,0,0,0,0,0,0,0,0,0,1,0,0,0,0,0,0,0
247,0.0,12.644081593265675,11.26502894245816,10.199672344836364,11.32755264408124,1,0,0,0,0,0,0,0,0,0,0,0,0,0,0,0,0,0,0,0,0,0
248,0.0,13.720778649167064,13.146409569587783,9.13699111208023,11.169925001442312,1,1,0,0,0,0,0,0,0,0,0,0,0,0,0,0,0,0,0,0,0,0
249,0.22239242174864637,11.731743290707842,5.426264754702098,5.882643049361842,8.174925682500678,1,1,0,0,1,0,0,0,0,0,0,0,0,0,0,0,0,0,0,0,0,0
250,2.612745657313315,10.892542816648552,16.356641098335647,11.064742764750257,7.584962500721156,0,0,1,0,0,1,0,0,0,1,0,0,1,0,0,0,0,0,0,0,1,0
251,2.4724877714627436,12.731531176461942,12.603858121842805,9.269126679149418,9.243173983472952,1,0,0,0,0,0,0,0,0,0,1,0,0,0,1,0,0,0,0,0,0,0
252,2.041476636092977,12.198751965193736,7.459431618637297,4.700439718141092,7.794415866350106,1,1,0,0,1,0,0,0,0,0,1,0,0,0,0,0,0,0,0,0,0,0
253,0.0,12.229119220658594,11.852529509404196,7.774787059601174,10.542064542283443,1,1,0,0,0,0,0,0,0,0,1,0,0,0,0,0,0,0,0,0,0,0
254,0.0,11.598517810612622,9.850186837645774,7.930737337562887,11.253256579781153,0,1,0,0,0,0,0,0,0,0,1,0,0,0,0,0,0,0,0,0,0,0
255,0.502500340868641,12.229119220658594,13.790042981265461,9.071462362556623,9.014020470314934,1,0,0,0,0,0,0,0,0,0,1,0,0,0,1,0,0,0,0,0,0,0
256,0.0,12.731531176461942,12.288577736992703,9.459431618637296,10.594324603924848,1,0,0,0,0,0,0,0,0,0,0,0,0,0,0,0,0,0,0,0,0,0
257,0.02384674242738247,12.526743742999686,9.81698362325538,8.515699838284043,8.727920454563199,1,0,0,0,0,0,0,0,0,0,1,0,0,0,1,0,0,0,0,0,0,0
258,1.8940093044411759,12.731531176461942,11.389631339260522,8.700439718141093,10.225207436943501,0,0,0,0,0,0,0,0,0,0,0,0,0,0,1,0,0,0,0,1,0,0
259,0.047305714312971286,13.10345174171609,11.45994384837493,7.977279923499917,10.703038388986418,1,1,0,0,0,0,0,0,0,0,0,0,0,0,0,0,0,0,0,0,0,0
260,2.058893689168984,11.892163309861965,11.632995197142957,8.39231742277876,10.536247215688128,0,1,0,0,0,0,0,0,0,0,1,0,0,0,0,0,0,0,0,0,0,0
261,0.0,13.451339918139356,9.923327485419192,8.483815777264256,11.034111146096592,1,0,0,0,0,0,0,0,0,0,0,0,0,0,1,0,0,0,0,1,0,0
262,0.0,12.731531176461942,11.240195053979924,8.588714635582264,9.527477006060396,0,1,0,0,0,0,0,0,0,0,0,0,0,0,0,0,0,0,0,0,0,0
263,1.011972641904538,14.28055330573513,14.864379626186238,13.650266428900203,9.726218159332198,0,0,0,0,0,0,0,0,0,0,0,0,0,0,0,0,0,0,0,1,0,0
264,0.0,12.731531176461942,9.64565843240871,6.108524456778169,8.523561956057012,1,0,0,0,0,0,0,0,0,0,1,0,0,0,0,0,0,0,0,1,0,0
265,0.13750352374993502,11.81418188419028,13.980675132322368,10.131856960608793,10.376125389276174,1,0,0,0,0,0,0,0,0,0,1,0,0,0,1,0,0,0,0,0,0,0
266,2.612745657313315,0.0,5.954196310386875,3.0,4.321928094887363,1,0,0,0,0,0,0,1,0,0,1,0,0,0,0,0,0,0,0,0,0,0
267,0.18057224521749873,13.10345174171609,10.38586240064146,8.584962500721156,8.741466986401146,0,1,0,0,0,0,0,0,0,0,1,0,0,0,0,0,0,0,0,0,0,0
268,0.9385994555867601,12.731531176461942,13.425215903299383,9.095397022792557,7.839203788096944,0,1,0,0,0,0,0,0,0,0,1,0,0,0,0,0,0,0,0,0,0,0
271,0.0,13.752485185884188,7.679480099505446,2.807354922057604,8.417852514885897,0,1,0,0,0,0,0,0,0,0,0,0,0,0,0,0,0,0,0,0,0,0
272,0.0,11.103943429891558,11.800899899920305,9.139551352398794,9.074141462752506,0,0,0,0,0,0,0,0,0,0,1,0,0,0,0,0,0,1,0,1,0,0
273,0.0,11.644306961545581,7.507794640198696,6.643856189774724,6.459431618637297,0,0,0,0,0,0,0,0,0,0,1,0,0,0,0,0,0,0,0,1,0,0
274,0.0,10.55170826162069,10.839991070539886,6.3750394313469245,9.108524456778168,0,1,0,0,0,0,0,0,0,0,1,0,0,0,0,0,0,0,0,0,0,0
275,6.842978831788326,11.229419688230417,16.210462076954858,11.507794640198696,8.076815597050832,0,1,0,0,0,0,0,0,0,0,1,0,0,0,0,0,0,1,0,0,0,0
276,1.232660756790275,12.229119220658594,12.689997971419446,10.709945380232497,10.73809225962049,1,1,0,0,0,0,0,0,0,0,1,0,0,0,0,0,0,0,0,0,0,0
277,0.0,10.10459875356437,5.321928094887363,3.321928094887362,6.672425341971495,0,0,0,0,1,0,0,0,0,0,1,0,0,0,0,0,0,0,0,0,0,0
278,0.0,14.213787727425492,14.372593033140745,12.181773438808808,10.323054760341646,0,0,0,0,0,0,0,0,0,0,0,0,0,0,0,0,0,0,0,1,0,0
279,0.0,13.287856641840545,11.270879295328784,8.308339030139408,9.030667136246942,1,0,0,0,0,0,0,0,0,0,0,0,0,0,0,0,0,0,0,0,0,0
280,1.2428565240993599,12.526743742999686,12.209757956581393,9.370687406807217,9.372865060112588,1,0,0,0,0,0,0,0,0,0,1,0,0,0,0,0,0,0,0,0,0,0
281,0.3025627696305137,13.273358529266698,10.720244258287567,8.353146825498083,8.39231742277876,0,0,0,0,1,0,0,0,0,0,1,0,0,0,1,0,0,1,0,0,0,0
282,0.0,12.731531176461942,14.368983825095334,14.033164862681147,9.12670447284319,1,0,0,0,0,0,0,0,0,0,0,0,0,0,0,0,0,0,0,0,0,0
284,0.0,11.85369942030022,11.88264304936184,8.693486957499326,9.684748620421626,0,1,0,0,0,0,0,0,0,0,1,0,0,0,0,0,0,1,0,0,0,0
285,0.7935491222551323,12.598285174146604,10.194756854422248,7.554588851677638,9.945443836377912,1,0,0,0,0,0,0,0,0,0,1,0,0,0,0,0,0,0,0,0,0,0
286,0.0,11.81418188419028,6.6293566200796095,7.108524456778169,11.319672120946995,0,0,0,0,0,0,0,0,0,0,0,0,0,0,0,0,0,0,0,1,0,0
287,0.3598959447116569,11.929628283024561,10.729620743553038,6.870364719583405,10.405141463136344,0,1,0,0,1,0,0,0,0,0,1,0,0,0,0,0,0,0,0,0,0,0
288,0.0,12.644081593265675,13.881113960675096,9.86573327085176,11.919235786028347,1,0,0,0,0,0,0,0,0,0,0,0,0,0,1,0,0,0,0,0,0,0
289,0.0,14.036259484702606,11.11504365016171,10.280770770130603,9.768184324776927,0,0,0,0,0,0,0,0,0,0,0,0,0,0,0,0,0,1,0,1,0,0
290,0.6930222468760721,11.85369942030022,11.921469060531411,8.379378367071261,8.672425341971495,0,1,0,0,0,0,0,0,0,0,1,0,0,0,0,0,0,1,0,0,0,0
291,0.0,12.229119220658594,13.400078902622013,11.16867211813223,10.308339030139408,1,1,0,0,0,0,0,0,0,0,0,0,0,0,1,0,0,0,0,0,0,0
292,0.0,11.550746785383243,10.213104219641906,8.370687406807217,9.08214904135387,0,0,0,0,0,0,0,0,0,0,1,0,0,0,0,0,0,1,0,1,0,0
293,0.0,11.731743290707842,7.741466986401147,5.491853096329675,9.3151495622563,0,1,0,0,1,0,0,0,0,0,1,0,0,0,0,0,0,1,0,0,0,0
294,0.34103691821472354,0.0,12.7553048882624,9.64565843240871,7.622051819456376,1,1,0,0,1,0,0,1,0,0,1,0,0,0,0,0,0,0,0,0,0,0
295,1.84799690655495,13.10345174171609,15.338283728666198,12.34179677239183,10.604553229079038,1,1,0,0,0,0,0,0,0,0,0,0,0,0,0,0,0,0,0,0,0,0
296,1.8004685363343074,12.75258971764099,11.056637715113201,9.985841937003341,9.935165049603695,1,1,0,0,0,0,1,0,0,0,1,1,0,0,1,0,0,1,0,0,0,0
297,0.0,12.947819546020028,10.373952655370193,7.129283016944966,10.537218400538595,0,1,0,0,0,0,0,0,0,0,1,0,0,0,0,0,0,0,0,0,0,0
298,0.0,12.731531176461942,12.055960234452295,9.564149489985732,8.741466986401146,1,1,0,0,0,0,0,0,0,0,0,0,0,0,1,0,0,0,0,0,0,0
299,1.9572955489219253,13.10345174171609,6.845490050944375,4.906890595608519,7.845490050944375,0,0,0,0,0,0,0,0,0,0,0,0,0,0,0,0,0,0,0,1,0,0
300,0.3025627696305137,12.258860431409756,9.935165049603695,7.285402218862249,8.321928094887362,1,1,0,0,0,0,0,0,0,0,1,0,0,0,1,0,0,1,0,1,0,0
301,0.3025627696305137,11.036860446673046,7.658211482751795,5.727920454563199,9.60733031374961,1,1,0,0,1,0,0,0,0,0,0,0,0,0,0,0,0,1,0,0,0,0
303,0.502500340868641,8.64745842645492,10.30720080914081,6.954196310386875,9.556506054671928,0,1,0,0,0,0,0,0,0,0,0,0,0,0,1,0,0,0,0,0,0,0
304,0.0,11.85369942030022,13.011227255423254,9.283088353024002,10.059344460824425,0,0,0,0,0,0,0,0,0,0,1,0,0,0,0,0,0,1,0,0,0,0
305,0.779609931854835,12.965964610272083,9.144658242831882,7.339850002884624,1.584962500721156,1,0,0,0,0,0,1,0,0,0,0,1,0,0,0,0,0,1,0,0,0,0
306,0.0,12.229119220658594,6.977279923499917,5.044394119358453,9.76487159073609,1,0,0,0,0,0,0,0,0,0,1,0,0,0,0,0,0,0,0,1,0,0
307,0.047305714312971286,12.731531176461942,11.715104009236168,9.92184093707449,10.400879436282183,1,1,0,0,0,0,0,0,0,0,0,0,0,0,1,0,0,0,0,0,0,0
308,4.5453506448223,13.538795182866437,18.335115531125833,16.960171666887256,10.188588845707349,1,1,0,0,0,0,0,0,0,0,0,0,0,0,0,0,0,0,0,0,0,0
309,4.434072168865647,14.598110672175917,14.556086884168359,12.15069928874454,7.20945336562895,1,1,0,0,0,0,0,0,0,0,0,0,0,0,1,0,0,0,0,0,0,0
310,0.0,12.929443357684196,15.328324307587021,12.619302955415687,10.140829770773001,0,0,0,0,0,0,0,0,0,0,1,0,0,0,1,0,0,0,0,1,0,0
311,0.0,12.731531176461942,8.507794640198696,6.087462841250339,10.225207436943501,1,0,0,0,0,0,0,0,0,0,1,0,0,0,1,0,0,0,0,1,0,0
312,0.22239242174864637,22.73890308740763,17.34352406771996,12.508785162064513,11.383704292474052,1,0,0,0,0,0,0,0,0,0,0,0,0,0,0,0,0,0,0,0,0,0
313,0.0,12.813981551614678,11.543031820255237,10.490850876740298,9.911391987843459,1,1,0,0,0,0,0,0,0,0,1,0,0,0,0,0,0,0,0,0,0,0
314,0.0,12.644081593265675,11.320800548881637,11.188588845707349,9.129283016944967,1,0,0,0,0,0,0,0,0,0,0,0,0,0,1,0,0,0,0,0,0,0
315,0.0,13.287856641840545,10.691743519171276,9.269126679149418,8.39231742277876,1,0,0,0,0,0,0,0,0,0,0,0,0,0,1,0,0,1,0,1,0,0
316,0.0,13.451339918139356,11.451726268074506,7.022367813028454,9.599912842187127,1,0,0,0,0,0,0,0,0,0,0,0,0,0,0,0,0,0,0,0,0,0
317,0.070389327891398,11.81418188419028,10.776433032444734,8.845490050944376,11.643856189774725,0,0,0,0,0,0,0,0,0,0,0,0,0,0,0,0,0,1,0,1,0,0
318,1.5929552916341005,12.773345291291271,12.178042328864821,9.758223214726724,8.703903573444663,0,1,0,0,0,0,0,0,0,0,1,0,0,0,1,0,0,0,0,1,0,0
319,0.8612937294331225,11.036860446673046,12.927592799399564,7.539158811108031,8.487840033823051,0,1,0,0,0,0,0,0,0,0,1,0,0,0,0,0,0,0,0,0,0,0
320,0.0,13.451339918139356,14.3511462917333,11.010528105886484,11.056637715113201,0,0,0,0,0,0,0,0,0,0,0,0,0,0,1,0,0,1,0,1,0,0
321,0.0,12.731531176461942,7.475733430966398,2.321928094887362,8.90388184573618,1,1,0,0,1,0,0,0,0,0,1,0,0,0,0,0,0,1,0,0,0,1
322,1.2428565240993599,0.0,0.0,0.0,9.980139577639157,0,1,0,0,0,0,0,0,0,0,1,0,0,0,1,0,0,0,0,1,0,0
323,1.1805722458539818,13.258713240159219,10.352043425795433,8.016808287686555,7.9886846867721655,0,1,0,0,0,0,0,0,0,0,0,0,0,0,1,0,0,0,0,0,0,0
324,0.3598959447116569,11.892163309861965,11.036173612553485,6.459431618637297,8.584962500721156,0,0,0,0,0,0,0,0,0,0,0,0,0,0,0,0,0,1,0,1,0,0
326,0.0,11.81418188419028,8.375039431346925,7.0,10.501837184902296,1,0,0,0,0,0,0,0,0,0,0,0,0,0,0,0,0,0,0,0,0,0
327,0.0,12.229119220658594,9.72451385311995,8.383704292474052,10.612868497291041,0,0,0,0,0,0,0,0,0,0,0,0,0,0,1,0,0,0,0,0,0,0
328,0.0,10.814582465906277,10.721953612801386,7.870364719583405,10.393390457443987,0,1,0,0,0,0,0,0,0,0,1,0,0,0,1,0,0,0,0,0,0,0
329,1.7584453214345201,14.598110672175917,7.977279923499917,5.169925001442312,8.45532722030456,1,1,0,0,0,0,0,0,0,0,0,0,0,0,0,0,0,0,0,0,0,0
330,0.0,12.731531176461942,8.566054038171092,5.426264754702098,9.353146825498083,1,0,0,0,0,0,0,0,0,0,0,0,0,0,0,0,0,0,0,0,0,0
331,1.8210298588185774,13.10345174171609,13.960725994839057,8.214319120800766,9.303780748177102,0,1,0,0,0,0,0,0,0,0,1,0,0,0,0,0,0,0,0,0,0,0
332,0.3968901529338237,0.0,7.087462841250339,4.906890595608519,8.614709844115207,0,1,0,0,1,0,1,1,0,0,0,1,0,0,0,0,0,1,1,0,0,0
333,0.0,12.229119220658594,9.73978060977326,7.679480099505446,9.442943495848729,1,0,0,0,0,0,0,0,0,0,1,0,0,0,0,0,0,0,0,0,0,0
334,0.0,13.526621496247854,14.735132884139947,9.535275376620802,10.923327485419192,1,1,0,0,0,0,0,0,0,0,0,0,0,0,1,0,0,0,0,0,0,0
335,0.0,11.28828934218097,9.513727595952437,6.507794640198696,10.936637939002571,0,1,0,0,0,0,0,0,0,0,0,0,0,0,0,0,0,0,0,0,0,0
336,0.751320886857594,12.229119220658594,10.929258408636972,6.569855608330948,5.285402218862249,1,0,0,0,0,0,0,0,0,0,0,0,0,0,0,0,0,0,0,0,0,0
337,0.0,13.273358529266698,11.163020639580793,8.857980995127573,9.407267764244732,1,0,0,0,0,0,0,0,0,0,0,0,0,0,0,0,0,0,0,0,0,0
338,0.0,12.288000889707574,12.297776062894147,10.634811050171718,9.111135670234708,0,1,0,0,0,0,0,0,0,0,0,0,0,0,0,0,0,0,0,0,0,0
339,2.783107375741063,11.81418188419028,12.461990950585571,9.426264754702098,10.604553229079038,0,1,0,0,0,0,0,0,0,0,1,0,0,0,0,0,0,0,0,0,0,0
340,0.11547721697602968,11.966144913345602,5.882643049361842,0.0,9.83605035505807,1,0,0,0,0,0,0,0,0,0,1,0,0,0,0,0,0,0,0,0,0,0
341,0.6930222468760721,0.0,5.426264754702098,5.044394119358453,7.546894459887636,0,0,0,0,0,0,0,1,0,0,1,0,0,0,0,0,0,0,0,0,0,0
342,1.0817940913908435,12.947819546020028,10.158609688214478,6.768184324776926,10.52061868055628,0,1,0,0,0,0,0,0,0,0,1,0,0,0,0,0,0,0,0,0,0,0
343,0.0,12.947819546020028,9.252665432450248,6.539158811108031,10.001408194392809,0,1,0,0,0,0,0,0,0,0,1,0,0,0,0,0,0,0,0,0,0,0
344,0.070389327891398,12.229119220658594,12.640244936222345,9.703903573444663,10.604553229079038,0,1,0,0,0,0,0,0,0,0,1,0,0,0,1,0,0,0,0,1,0,0
346,0.0,11.81418188419028,10.948367231584678,5.491853096329675,9.364134655008051,0,1,0,0,0,0,0,0,0,0,1,0,0,0,1,0,0,0,0,0,0,0
347,4.62253995834241,14.344365266587058,14.510455127143647,12.907266248531066,8.442943495848729,1,1,0,0,0,0,0,0,0,0,0,0,0,0,0,0,0,0,0,0,0,0
348,0.0,10.966505451905741,8.044394119358454,6.0,11.079484783826816,0,1,0,0,1,0,0,0,0,0,1,0,0,0,0,0,0,0,0,0,0,0
349,0.4150374989181702,12.229119220658594,11.590587049915035,7.6653359171851765,7.954196310386875,1,0,0,0,0,0,0,0,0,0,1,0,0,0,1,0,0,0,0,0,0,0
350,1.7865963618908067,11.85369942030022,13.541459664055266,11.169925001442312,10.231221180711186,1,0,0,0,0,0,0,0,0,0,0,0,0,0,0,0,0,0,0,0,0,0
351,0.0,12.288000889707574,6.741466986401147,4.584962500721156,9.134426320220927,1,1,0,0,0,0,0,0,0,0,1,0,0,0,1,0,0,0,0,0,0,0
352,0.8345763905229657,13.10345174171609,7.2384047393250786,6.523561956057013,8.409390936137703,1,0,0,0,0,0,0,0,0,0,0,0,0,0,0,0,0,1,0,0,0,0
353,0.0,12.731531176461942,14.214395018164641,12.243769031961852,10.167418145831737,1,1,0,0,0,0,0,0,0,0,0,0,0,0,0,0,0,0,0,0,0,0
354,0.0,13.019069429331111,12.31628153174622,10.74819284958946,9.67595703294175,1,1,0,0,0,0,0,0,0,0,0,0,0,0,1,0,0,0,0,0,0,0
355,0.0,12.731531176461942,9.489847960439297,7.321928094887363,8.900866807980748,1,1,0,0,0,0,0,0,0,0,0,0,0,0,0,0,0,0,0,0,0,0
356,0.0,13.287856641840545,9.839203788096944,6.6865005271832185,10.599912842187127,0,0,0,0,0,0,0,0,0,0,1,0,0,0,0,0,0,0,0,1,0,0
