,id,playtime_forever,price,total_positive_reviews,total_negative_reviews,pur_rel_itv,genres_vec
0,0,-100.0,0.4953003388443693,0.4554194108937055,0.3514956782161084,0.8861033254968216,"[0, 1, 0, 0, 1, 0, 0, 0, 0, 0, 1, 0, 0, 0, 0, 0, 0, 0, 0, 0, 0, 0]"
1,1,-0.864799714742056,-100.0,0.24125537031689712,-100.0,0.7355120211929866,"[0, 0, 0, 0, 0, 0, 0, 0, 0, 0, 0, 0, 0, 0, 1, 0, 0, 0, 0, 0, 0, 0]"
2,2,-100.0,0.5134522199699463,0.616496872972756,0.5003098439469531,0.8825349196649603,"[0, 1, 0, 0, 1, 0, 0, 0, 0, 0, 1, 0, 0, 0, 0, 0, 0, 0, 0, 0, 0, 0]"
3,3,0.09028391677607002,0.5546321701585212,0.8503874953433699,0.5748782102721866,0.931463543706072,"[1, 0, 0, 0, 0, 0, 0, 0, 0, 0, 0, 0, 0, 0, 1, 0, 0, 0, 0, 0, 0, 0]"
4,4,0.6560604160557847,0.5109912984857242,0.6991959988293244,0.4820438186931833,0.9105441248451767,"[1, 0, 0, 0, 0, 0, 0, 0, 0, 0, 1, 0, 0, 0, 0, 0, 0, 0, 0, 1, 0, 0]"
5,6,0.2031709623353467,0.49364861346892935,0.8149082835250852,0.5346082238234376,0.904487395509018,"[1, 0, 0, 0, 0, 0, 0, 0, 0, 0, 1, 0, 0, 0, 0, 0, 0, 0, 0, 0, 0, 0]"
6,7,-0.4007060971156947,-100.0,0.26903293977452125,0.08460298279254741,0.7720727762785178,"[0, 0, 0, 0, 0, 0, 0, 0, 0, 0, 0, 0, 0, 0, 0, 0, 0, 1, 0, 0, 0, 0]"
7,8,-0.864799714742056,0.5000001883887292,0.5798729474817101,0.28212704891796303,0.8908162195797618,"[0, 1, 0, 0, 0, 0, 0, 0, 0, 0, 0, 0, 0, 0, 1, 0, 0, 0, 0, 0, 0, 0]"
8,9,-0.864799714742056,0.5475317134971038,0.29624318255998416,0.18465940586632015,0.5004956870281683,"[1, 1, 0, 0, 0, 0, 0, 0, 0, 0, 0, 0, 0, 0, 0, 0, 0, 0, 0, 0, 0, 0]"
9,10,-100.0,0.5319886906292587,0.6679851070503859,0.5044918417308082,0.9432323858790388,"[1, 1, 0, 0, 0, 0, 0, 0, 0, 0, 0, 0, 0, 0, 0, 0, 0, 0, 0, 0, 0, 0]"
10,11,-100.0,0.4716663932749392,0.38450215967049556,0.2737936339965474,0.8581843923773236,"[0, 1, 0, 0, 0, 0, 0, 0, 0, 0, 1, 0, 0, 0, 1, 0, 0, 0, 0, 1, 0, 0]"
11,12,-100.0,-100.0,0.3616706181613884,0.42822227385967643,0.6448639127431278,"[1, 0, 0, 0, 0, 0, 0, 0, 0, 0, 0, 0, 0, 0, 0, 0, 0, 0, 0, 0, 0, 0]"
12,13,0.6386542087165433,0.4884032017853019,0.7060047242802253,0.536300796431725,0.43764866461593965,"[1, 1, 0, 0, 0, 0, 0, 0, 0, 0, 1, 0, 0, 0, 1, 0, 0, 0, 0, 0, 0, 0]"
13,14,-0.09647564648409161,0.5213511545954019,0.667697321388626,0.48606009322657884,0.7789526708134878,"[1, 0, 0, 0, 1, 0, 0, 0, 0, 0, 1, 0, 0, 0, 0, 0, 0, 1, 0, 0, 0, 0]"
14,15,-0.864799714742056,-100.0,0.3937954936167208,0.261922651442096,0.9406700247532339,"[0, 1, 0, 0, 0, 0, 0, 0, 0, 0, 0, 0, 0, 0, 0, 0, 0, 1, 0, 1, 0, 0]"
15,16,0.2521780469405068,0.5319886906292587,0.7678077529681443,0.5515090167213973,0.9044258658202058,"[1, 1, 0, 0, 0, 0, 0, 0, 0, 0, 1, 0, 0, 0, 1, 0, 0, 0, 0, 0, 0, 0]"
16,17,-100.0,0.5620699763569792,0.8210890555328506,0.6395204624963557,0.8731576919469008,"[0, 0, 0, 0, 0, 0, 0, 0, 0, 0, 1, 0, 0, 0, 0, 0, 0, 1, 0, 0, 0, 0]"
17,18,-100.0,0.5620699763569792,0.7955641288944232,0.6899175121643774,0.7737383942665899,"[0, 0, 0, 0, 0, 0, 0, 0, 0, 0, 0, 0, 0, 0, 0, 0, 0, 1, 0, 1, 0, 0]"
18,19,-100.0,0.49364861346892935,0.3311691065012208,0.3654022582383428,0.8606068689151851,"[0, 0, 0, 0, 0, 0, 0, 0, 0, 0, 1, 0, 0, 0, 0, 0, 0, 1, 0, 1, 0, 0]"
19,20,-0.37845204773710656,0.5319886906292587,0.5403628659836351,0.42458337864145934,0.9403515255292141,"[0, 0, 0, 0, 0, 0, 0, 0, 0, 0, 0, 0, 0, 0, 0, 1, 0, 0, 0, 0, 0, 0]"
20,21,0.1014620864624565,0.5475317134971038,0.6953138803055259,0.5763633977812781,0.7988412465957366,"[0, 0, 0, 0, 0, 0, 0, 0, 0, 0, 0, 0, 0, 0, 1, 0, 0, 0, 0, 1, 0, 0]"
21,22,-100.0,0.5475317134971038,0.7636704317966685,0.5792088275541832,0.6739815878605018,"[1, 1, 0, 0, 0, 0, 0, 0, 0, 0, 1, 0, 0, 0, 0, 0, 0, 0, 0, 0, 0, 0]"
22,23,-0.6327529080410564,-100.0,0.053333053169274745,-100.0,0.7502553846976171,"[0, 0, 0, 0, 1, 0, 0, 0, 0, 0, 1, 0, 0, 0, 0, 0, 0, 0, 0, 0, 0, 0]"
23,24,-100.0,0.5705889503469028,0.6791357774788612,0.5609964358399967,0.7798291229341736,"[0, 0, 0, 0, 0, 0, 0, 0, 0, 0, 0, 0, 0, 0, 0, 0, 0, 0, 0, 1, 0, 0]"
24,25,-100.0,0.5546321701585212,0.7052602992471201,0.4811552439851015,0.9573521406132177,"[0, 0, 0, 0, 0, 0, 0, 0, 0, 0, 0, 0, 0, 0, 1, 0, 0, 0, 0, 0, 0, 0]"
25,26,-0.32303596383623456,0.4408716766769272,0.6553566047948693,0.492234848575512,0.7387577350484023,"[0, 1, 0, 0, 0, 0, 0, 0, 0, 0, 1, 0, 0, 0, 1, 0, 0, 1, 0, 0, 0, 0]"
26,27,-100.0,0.5109912984857242,0.6269463006267337,0.4558078223492945,0.8823129439649416,"[0, 1, 0, 0, 0, 0, 0, 0, 0, 0, 0, 0, 0, 0, 0, 0, 0, 0, 0, 0, 0, 0]"
27,28,-100.0,0.5109912984857242,0.44596799188310754,0.3304037921436884,0.9686192741751393,"[0, 0, 0, 0, 0, 0, 0, 0, 0, 0, 1, 0, 0, 0, 0, 0, 0, 1, 0, 1, 0, 0]"
28,29,0.30395234919234243,0.5319886906292587,0.807918743841759,0.5653100647739364,0.1312401011660893,"[1, 0, 0, 0, 0, 0, 0, 0, 0, 0, 1, 0, 0, 0, 0, 0, 0, 0, 0, 0, 0, 0]"
29,30,0.30644217892353165,0.5319886906292587,0.5498964596920514,0.3304037921436884,0.6562005058304465,"[0, 1, 0, 0, 0, 0, 0, 0, 0, 0, 0, 0, 0, 0, 1, 0, 0, 0, 0, 1, 0, 0]"
30,31,0.30971694386362336,0.5337361812431892,0.6495917390946992,0.4125051040274485,,"[1, 1, 0, 0, 0, 0, 0, 0, 0, 0, 1, 0, 0, 0, 1, 0, 0, 0, 0, 0, 0, 0]"
31,32,0.15671060348287574,0.5337361812431892,0.539327273886255,0.32027123450827316,0.7479970964981382,"[0, 0, 0, 0, 1, 0, 0, 0, 0, 0, 0, 0, 0, 0, 0, 0, 0, 1, 1, 0, 0, 0]"
32,33,-0.01837837849489679,0.5043599819736837,0.5803638156940533,0.3994751529694859,,"[0, 0, 0, 0, 0, 0, 0, 0, 0, 0, 1, 0, 0, 0, 0, 0, 0, 1, 0, 0, 0, 0]"
33,34,-100.0,0.5000001883887292,0.5706408665396774,0.38738876061408484,-100.0,"[0, 0, 0, 0, 0, 0, 0, 0, 0, 0, 1, 0, 0, 0, 0, 0, 0, 1, 0, 1, 0, 0]"
34,35,0.22121273824361826,0.552145871193414,0.7498232585324074,0.5471459547301767,0.8901938511713536,"[1, 1, 0, 0, 0, 0, 0, 0, 0, 0, 0, 0, 0, 0, 0, 0, 0, 0, 0, 0, 0, 0]"
35,36,0.8527268268530939,0.5705889503469028,0.756605294676009,0.6896298133234534,,"[1, 1, 0, 0, 0, 0, 0, 0, 0, 0, 0, 1, 0, 0, 1, 0, 0, 1, 0, 1, 0, 0]"
36,37,-100.0,0.5552380466649534,0.6442358042332808,0.5474614363415239,0.8204474549725996,"[0, 0, 0, 0, 0, 0, 0, 0, 0, 0, 0, 0, 0, 0, 0, 0, 0, 1, 0, 0, 0, 0]"
37,38,0.3184692288105924,0.5109912984857242,0.640240456226103,0.42612053453982657,0.5536642067148949,"[1, 1, 0, 0, 0, 0, 0, 0, 0, 0, 1, 0, 0, 0, 1, 0, 0, 0, 0, 0, 0, 0]"
38,39,0.2378339704387511,0.5109912984857242,0.8081007080814891,0.5366638756221076,0.8154983291153656,"[1, 1, 0, 0, 1, 0, 0, 0, 0, 0, 1, 0, 0, 0, 0, 0, 0, 0, 0, 0, 0, 0]"
39,40,-100.0,0.5319886906292587,0.657809551538821,0.4007551096418388,0.8188204224392645,"[0, 1, 0, 0, 0, 0, 0, 0, 0, 0, 0, 0, 0, 0, 0, 0, 0, 0, 0, 0, 0, 0]"
40,41,0.11207829615228027,0.5337361812431892,0.5945144729507451,0.33935683816159673,0.5278742049273084,"[1, 1, 0, 0, 0, 0, 0, 0, 0, 0, 1, 0, 0, 0, 0, 0, 0, 0, 0, 0, 0, 0]"
41,42,0.5161738157424118,0.5488864717451536,0.7776379697229553,0.6898085115041024,0.45205887054949284,"[1, 1, 0, 0, 0, 0, 0, 0, 0, 0, 0, 0, 0, 0, 1, 0, 0, 0, 0, 0, 0, 0]"
42,43,0.3953585175710516,0.512234315821425,0.6515563564106472,0.5259552692168832,0.5699054518181589,"[0, 1, 0, 0, 0, 0, 0, 0, 0, 0, 1, 0, 0, 0, 0, 0, 1, 0, 0, 1, 0, 1]"
43,44,-0.026202166037279786,0.5134522199699463,0.7477029446797838,0.5710812252109936,0.9320510525370748,"[1, 1, 0, 0, 0, 0, 0, 0, 0, 0, 0, 0, 0, 0, 0, 0, 0, 0, 0, 0, 0, 0]"
44,45,-0.1609777809827966,0.4919503545481821,0.3311691065012208,0.13798152187725962,0.591178303173088,"[0, 1, 0, 0, 0, 0, 0, 0, 0, 0, 1, 0, 0, 0, 0, 0, 0, 0, 0, 0, 0, 0]"
45,46,-100.0,0.6099916918563674,0.7718930925952749,0.6691795253573679,0.8052216890265912,"[1, 1, 0, 0, 0, 0, 0, 0, 0, 0, 0, 0, 0, 0, 0, 0, 0, 0, 0, 0, 0, 0]"
46,47,-100.0,0.560983745078321,0.6612058403743988,0.5283325305278312,0.8511855214186408,"[1, 1, 0, 0, 0, 0, 0, 0, 0, 0, 0, 0, 0, 0, 1, 0, 0, 0, 0, 0, 0, 0]"
47,48,-100.0,0.49020286393425166,0.5716520837760191,0.4881284974313372,0.9704747219250132,"[1, 1, 0, 0, 0, 0, 0, 0, 0, 0, 0, 0, 0, 0, 0, 0, 0, 0, 0, 0, 0, 0]"
48,49,-0.19353719633851327,-100.0,0.20305786249239807,0.10675707816942438,0.7631768311876886,"[0, 0, 0, 0, 1, 0, 0, 1, 0, 0, 0, 1, 0, 0, 0, 0, 0, 1, 0, 0, 0, 0]"
49,50,-0.24288088338477035,0.46115563795017006,0.6120359012301545,0.47827181332999286,0.7099261488754548,"[1, 0, 0, 0, 0, 0, 1, 0, 0, 0, 0, 0, 0, 0, 0, 0, 0, 0, 0, 0, 0, 0]"
50,51,-100.0,0.5620699763569792,0.6817999789310888,0.5064470400749208,0.8359320337107625,"[0, 1, 0, 0, 0, 0, 0, 0, 0, 0, 1, 0, 0, 0, 1, 0, 0, 0, 0, 1, 0, 0]"
51,52,-100.0,0.5319886906292587,0.7471216057352407,0.5891681314814161,0.8528082536014175,"[1, 0, 0, 0, 0, 0, 0, 0, 0, 0, 1, 0, 0, 0, 0, 0, 0, 0, 0, 0, 0, 0]"
52,53,0.14463771132162803,0.5244433300669413,0.652997584773941,0.3799986742921347,-100.0,"[0, 1, 0, 0, 1, 0, 0, 0, 0, 0, 1, 0, 0, 0, 0, 0, 0, 0, 0, 0, 0, 0]"
53,54,0.5655557082696299,0.5835718417787433,0.8140817330359003,0.6194093642129451,0.7637776365858079,"[1, 1, 0, 0, 0, 0, 0, 0, 0, 0, 0, 0, 0, 0, 0, 0, 0, 0, 0, 0, 0, 0]"
54,55,-0.3399424335726943,0.5552380466649534,0.5828512515690251,0.5179801961693943,0.8371271858077906,"[1, 0, 0, 0, 0, 0, 0, 0, 0, 0, 0, 0, 0, 0, 1, 0, 0, 1, 0, 0, 0, 0]"
55,56,0.2892605066898707,0.5328687676456215,0.4845205687794432,0.3482182068429308,0.9890613932997698,"[0, 1, 0, 0, 0, 0, 0, 0, 0, 0, 0, 0, 0, 0, 1, 0, 0, 0, 0, 0, 0, 0]"
56,57,-100.0,0.5109912984857242,0.6108653273542209,0.3950481322508313,0.883858181187459,"[1, 1, 0, 0, 0, 0, 0, 0, 0, 0, 0, 0, 0, 0, 1, 0, 0, 1, 0, 1, 0, 0]"
57,58,0.2511085858508705,0.5945629518757384,0.7110307521933804,0.5570964149678381,0.830114485206403,"[1, 1, 0, 0, 0, 0, 0, 0, 0, 0, 0, 0, 0, 0, 1, 0, 0, 0, 0, 0, 0, 0]"
58,59,-100.0,0.5546321701585212,0.6419991317233061,0.5166765068111453,0.9810076844160467,"[0, 0, 0, 0, 0, 0, 0, 0, 0, 0, 0, 0, 0, 0, 0, 0, 0, 0, 0, 1, 0, 0]"
59,60,-0.21191557471820013,-100.0,0.36575706504701455,0.0,0.744527543193707,"[1, 1, 0, 0, 1, 0, 1, 1, 0, 0, 0, 1, 0, 0, 0, 0, 0, 0, 1, 0, 0, 0]"
60,61,-0.03022548961158565,0.4221742334120826,0.3054874861525954,0.26926238865886754,0.7466213436171425,"[1, 0, 0, 0, 0, 0, 0, 0, 0, 0, 1, 0, 0, 0, 1, 0, 0, 0, 0, 1, 0, 0]"
61,62,-100.0,0.5620699763569792,0.7480496513764905,0.5595031406412844,0.8441593541356893,"[1, 0, 0, 0, 0, 0, 0, 0, 0, 0, 0, 0, 0, 0, 0, 0, 0, 0, 0, 0, 0, 0]"
62,63,-100.0,-100.0,0.5036210075385573,0.37424906808540953,0.7720727762785178,"[1, 0, 0, 0, 0, 0, 0, 1, 0, 0, 1, 0, 0, 0, 0, 0, 0, 0, 0, 0, 0, 0]"
63,64,-100.0,0.49364861346892935,0.58068933000852,0.39131363310521733,0.9437648974065308,"[1, 1, 0, 0, 0, 0, 0, 0, 0, 0, 0, 0, 0, 0, 0, 0, 0, 0, 0, 0, 0, 0]"
64,65,-100.0,-100.0,-100.0,-100.0,-100.0,"[0, 0, 0, 0, 1, 0, 1, 1, 0, 0, 0, 0, 0, 0, 0, 0, 0, 0, 0, 1, 0, 0]"
65,66,-100.0,0.5134522199699463,0.45865960886349477,0.34905074417987014,0.8844416250245779,"[1, 0, 0, 0, 0, 0, 0, 0, 0, 0, 1, 0, 0, 0, 0, 0, 0, 0, 0, 0, 0, 0]"
66,67,-0.1199685146488355,-100.0,0.264222415232888,-100.0,0.750924629519061,"[0, 1, 0, 0, 0, 0, 0, 0, 0, 0, 1, 0, 0, 0, 0, 0, 0, 1, 0, 0, 0, 0]"
67,68,0.10362844495343594,0.5223996019775226,0.7652946650669642,0.5605727266355911,,"[0, 0, 0, 0, 0, 0, 0, 0, 0, 0, 1, 0, 0, 0, 0, 0, 0, 1, 0, 0, 0, 0]"
68,69,0.020131236015145087,0.5109912984857242,0.5256732667771824,0.33935683816159673,0.7991387807176359,"[1, 1, 0, 0, 0, 0, 0, 0, 0, 0, 1, 0, 0, 0, 0, 0, 0, 0, 0, 0, 0, 0]"
69,70,-100.0,0.47403078278504823,0.5168902724109355,0.35386537145141495,0.7218522426719226,"[0, 1, 0, 0, 0, 0, 0, 0, 0, 0, 1, 0, 0, 0, 0, 0, 0, 0, 0, 0, 0, 0]"
70,71,-0.1609777809827966,0.5488864717451536,0.7264750942154086,0.5611019998779492,0.5278742049273084,"[1, 0, 0, 0, 0, 0, 0, 0, 0, 0, 1, 0, 0, 0, 1, 0, 0, 1, 0, 1, 0, 0]"
71,72,0.020131236015145087,0.49364861346892935,0.7034783140797575,0.5296927240308471,0.7493571858181344,"[0, 1, 0, 0, 0, 0, 0, 0, 0, 0, 1, 0, 0, 0, 0, 0, 0, 0, 0, 1, 0, 0]"
72,73,-100.0,0.5109912984857242,0.41604580913063965,0.32379897894420034,0.651180444170624,"[1, 1, 0, 0, 0, 0, 0, 0, 0, 0, 1, 0, 0, 0, 0, 0, 0, 0, 0, 0, 0, 0]"
73,74,-0.4255840077919203,0.49364861346892935,0.7991790267881433,0.5723678009003799,0.8829039650254639,"[1, 1, 0, 0, 0, 0, 0, 0, 0, 0, 1, 0, 0, 0, 0, 0, 0, 0, 0, 0, 0, 0]"
74,75,-100.0,0.49364861346892935,0.3495762357292589,0.30860053543115656,0.9862403408211529,"[1, 0, 0, 0, 0, 0, 0, 0, 0, 0, 0, 0, 0, 0, 0, 0, 0, 0, 0, 1, 0, 0]"
75,77,0.2366891540791265,0.47403078278504823,0.49322020978008557,0.40685399095055386,0.8013469746117774,"[0, 1, 0, 0, 0, 0, 0, 0, 0, 0, 1, 0, 0, 0, 0, 0, 0, 0, 0, 0, 0, 0]"
76,78,-100.0,0.5402597511582675,0.5844530746303823,0.4636727078996225,0.7836109028262535,"[0, 1, 0, 0, 0, 0, 0, 0, 0, 0, 1, 0, 0, 0, 0, 0, 0, 0, 0, 0, 0, 0]"
77,79,0.1299383478142529,0.49364861346892935,0.7964470238940284,0.5555247491188027,0.9129177698938168,"[1, 0, 0, 0, 0, 0, 0, 0, 0, 0, 0, 0, 0, 0, 0, 0, 0, 0, 0, 0, 0, 0]"
78,80,-100.0,0.5546321701585212,0.6061423544981078,0.46588364311216074,0.7847895159348435,"[0, 0, 0, 0, 0, 0, 0, 0, 0, 0, 1, 0, 0, 0, 0, 0, 0, 1, 0, 1, 0, 0]"
79,81,-0.6327529080410564,0.48654815680751207,0.6263429956785053,0.37831841228312657,0.9041177410989857,"[0, 0, 0, 0, 0, 0, 0, 0, 0, 0, 0, 0, 0, 0, 0, 0, 0, 1, 0, 1, 0, 0]"
80,82,0.37549790057948035,0.5319886906292587,0.7180644831506985,0.47718167849217763,0.8514734923612762,"[1, 1, 0, 0, 0, 0, 0, 0, 0, 0, 1, 0, 0, 0, 0, 0, 0, 0, 0, 0, 0, 0]"
81,83,0.39098078347251775,0.552145871193414,0.5563993118640936,0.45944671756751165,0.7034847024543346,"[0, 0, 0, 0, 0, 0, 0, 0, 0, 0, 0, 0, 0, 0, 1, 0, 0, 0, 0, 0, 0, 0]"
82,84,-100.0,0.5402597511582675,0.6373596330596247,0.5595031406412844,0.8760021093775326,"[0, 0, 0, 0, 0, 0, 0, 0, 0, 0, 1, 0, 0, 0, 0, 0, 0, 1, 0, 1, 0, 0]"
83,85,-0.4255840077919203,-100.0,0.4281527373530012,0.29970500886342194,0.7834415762377508,"[0, 0, 0, 0, 0, 0, 0, 1, 0, 0, 1, 1, 0, 0, 0, 0, 0, 0, 0, 0, 0, 0]"
84,86,-0.45378825499854847,0.385633818400703,0.6712445511996099,0.3964031634622865,0.7276671974305416,"[0, 0, 0, 0, 1, 0, 0, 0, 0, 0, 1, 0, 0, 0, 0, 0, 0, 0, 0, 0, 0, 0]"
85,87,-100.0,0.5319886906292587,0.4464343165306279,0.40916443285291715,0.9789806754472982,"[1, 0, 0, 0, 0, 0, 0, 0, 0, 0, 0, 0, 0, 0, 0, 0, 0, 0, 0, 0, 0, 0]"
86,88,-100.0,-100.0,0.6555870432160573,0.4660650541586628,0.9492597663733013,"[1, 0, 0, 0, 0, 0, 0, 0, 0, 0, 0, 0, 0, 0, 0, 0, 0, 0, 0, 0, 0, 0]"
87,89,0.2378339704387511,0.5865131180351913,0.7380397273481,0.6166133109381127,0.7759236970626221,"[1, 1, 0, 0, 0, 0, 0, 0, 0, 0, 0, 0, 0, 0, 0, 0, 0, 0, 0, 0, 0, 0]"
88,90,0.7370269514518304,0.5546321701585212,0.8569118845180608,0.7864353173708353,0.7922581907892979,"[0, 0, 0, 0, 0, 0, 0, 0, 0, 0, 0, 0, 0, 0, 1, 0, 0, 0, 0, 0, 0, 0]"
89,91,-0.4863476708068754,0.6212657320299668,0.5016049097180011,0.39773476356138376,0.80265256015555,"[1, 0, 0, 0, 0, 0, 0, 0, 0, 0, 0, 0, 0, 0, 0, 0, 0, 0, 0, 0, 0, 0]"
90,92,-100.0,0.552145871193414,0.7786114355024606,0.5590169372846281,0.9066212088559991,"[0, 0, 0, 0, 0, 0, 0, 0, 0, 0, 0, 0, 0, 0, 0, 0, 0, 0, 0, 1, 0, 0]"
91,93,-100.0,0.5134522199699463,0.6145082955981794,0.4236461384282584,0.5604278934613959,"[0, 1, 0, 0, 0, 0, 0, 0, 0, 0, 1, 0, 0, 0, 0, 0, 0, 0, 0, 0, 0, 0]"
92,94,-0.168659286190333,0.4953003388443693,0.8969230707704876,0.5706630760191262,0.91101099359061,"[1, 1, 0, 0, 0, 0, 0, 0, 0, 0, 0, 0, 0, 0, 0, 0, 0, 0, 0, 0, 0, 0]"
93,95,0.09028391677607002,0.5620699763569792,0.6186091755037801,0.48393459619833695,0.7114836662212817,"[1, 1, 0, 0, 0, 0, 0, 0, 0, 0, 1, 0, 0, 0, 0, 0, 0, 0, 0, 0, 0, 0]"
94,96,-100.0,0.49364861346892935,0.5407049889631438,0.40201413965204674,0.8954166025237458,"[0, 0, 0, 0, 0, 0, 0, 0, 0, 0, 1, 0, 0, 0, 0, 0, 0, 0, 0, 0, 0, 0]"
95,97,-100.0,0.5410277131991271,0.5570093162443703,0.38738876061408484,0.85290302543359,"[0, 1, 0, 0, 0, 0, 0, 0, 0, 0, 1, 0, 0, 0, 0, 0, 0, 0, 0, 0, 0, 0]"
96,98,-100.0,0.5109912984857242,0.445733765427275,0.29141648403574455,0.915581991703418,"[1, 1, 0, 0, 0, 0, 0, 0, 0, 0, 1, 0, 0, 0, 0, 0, 0, 0, 0, 0, 0, 0]"
97,99,-100.0,0.5029414646451772,0.4625269218699315,0.33935683816159673,0.7701944374520369,"[1, 0, 0, 0, 0, 0, 0, 0, 0, 0, 1, 0, 0, 0, 0, 0, 0, 0, 0, 1, 0, 0]"
98,100,-0.047131959104332224,0.49364861346892935,0.9759287765425392,0.7383689045969463,0.9904772754009964,"[0, 0, 0, 0, 0, 0, 0, 0, 0, 0, 1, 0, 0, 0, 0, 0, 0, 1, 0, 0, 0, 0]"
99,101,-0.4863476708068754,0.5319886906292587,0.5582150056503851,0.4117751558738069,0.5307186223579402,"[0, 1, 0, 0, 0, 0, 0, 0, 0, 0, 1, 0, 0, 0, 0, 0, 0, 0, 0, 0, 0, 0]"
100,102,0.2174742670258761,0.49364861346892935,0.5326512825714489,0.34987437720349357,0.9780206212964194,"[1, 1, 0, 0, 0, 0, 0, 0, 0, 0, 0, 0, 0, 0, 1, 0, 0, 0, 0, 0, 0, 0]"
101,103,-100.0,0.49364861346892935,0.4730836332204006,0.2896460852928621,0.9655966557643635,"[0, 0, 0, 0, 0, 0, 0, 0, 0, 0, 1, 0, 0, 0, 0, 0, 0, 0, 0, 0, 0, 0]"
102,104,-0.14640523723418106,0.4806137752825154,0.8044679473456144,0.560784872647518,0.8841502592991913,"[0, 0, 0, 0, 0, 0, 0, 0, 0, 0, 1, 0, 0, 0, 0, 0, 0, 1, 0, 1, 0, 0]"
103,105,-100.0,0.5540201425164321,0.6063171595668332,0.5495118160070008,0.7801779111766589,"[0, 0, 0, 0, 0, 0, 0, 0, 0, 0, 0, 0, 0, 0, 0, 0, 0, 0, 0, 1, 0, 0]"
104,106,-100.0,0.5475317134971038,0.5772856719781928,0.4032529162882058,0.7796543461828981,"[0, 1, 0, 0, 0, 0, 0, 0, 0, 0, 0, 0, 0, 0, 0, 0, 0, 0, 0, 0, 0, 0]"
105,107,-0.7183944838444182,-100.0,-100.0,-100.0,0.7421572295536256,"[0, 0, 0, 1, 0, 0, 0, 0, 0, 0, 1, 0, 0, 0, 0, 0, 0, 0, 0, 0, 0, 0]"
106,108,-100.0,0.4953003388443693,0.4722571662913481,0.37543384458688056,0.19226327306466282,"[0, 1, 0, 0, 0, 0, 0, 0, 0, 0, 1, 0, 0, 0, 0, 0, 0, 1, 0, 0, 0, 0]"
107,109,0.10999731267938138,0.5337361812431892,0.6192759971851544,0.4919764290255374,0.745695293334864,"[1, 0, 0, 0, 0, 0, 0, 0, 0, 0, 1, 0, 0, 0, 0, 0, 0, 0, 0, 1, 0, 0]"
108,110,-100.0,0.5410277131991271,0.49359893079729905,0.4125051040274485,0.8149789374789591,"[0, 1, 0, 0, 0, 0, 0, 0, 0, 0, 1, 0, 0, 0, 0, 0, 0, 0, 0, 0, 0, 0]"
109,111,-0.2928104744683621,0.5319886906292587,0.700891669699168,0.5040505284678901,0.8673412177531649,"[0, 0, 0, 0, 0, 0, 0, 0, 0, 0, 0, 0, 0, 0, 1, 0, 0, 0, 0, 0, 0, 0]"
110,112,-0.5248572862385963,-100.0,0.08453088932226809,0.05337853908471219,0.829539881461772,"[1, 0, 0, 0, 1, 0, 0, 1, 0, 0, 1, 0, 0, 0, 0, 0, 0, 0, 0, 0, 0, 0]"
111,113,0.11820098889602729,0.5319886906292587,0.5715607021366285,0.4604277366128641,0.8729175714877873,"[0, 0, 0, 0, 0, 0, 0, 0, 0, 0, 0, 0, 0, 0, 1, 0, 0, 0, 0, 0, 0, 0]"
112,114,-100.0,0.5319886906292587,0.5293996720636199,0.44026232114422154,,"[0, 0, 0, 0, 0, 0, 0, 0, 1, 0, 0, 0, 0, 0, 0, 0, 0, 0, 0, 0, 0, 0]"
113,115,-0.3399424335726943,0.5546321701585212,0.7061241211872169,0.49747048256467175,0.9723715080140984,"[1, 0, 0, 0, 0, 0, 0, 0, 0, 0, 0, 0, 0, 0, 1, 0, 0, 0, 0, 0, 0, 0]"
114,116,-100.0,0.5552380466649534,0.6991524714585178,0.5198051382906856,0.7572077398503142,"[1, 1, 0, 0, 0, 0, 0, 0, 0, 0, 0, 0, 0, 0, 0, 0, 0, 0, 0, 0, 0, 0]"
115,117,-100.0,0.5319886906292587,0.6582108795897436,0.48633911147973874,0.9587663485054593,"[1, 0, 0, 0, 0, 0, 0, 0, 0, 0, 0, 0, 0, 0, 0, 0, 0, 0, 0, 0, 0, 0]"
116,118,0.07356868161513022,0.4221742334120826,0.5558965950253888,0.3473765705571267,0.8009085892090222,"[0, 1, 0, 0, 0, 0, 0, 0, 0, 0, 1, 0, 0, 0, 0, 0, 0, 0, 0, 0, 0, 0]"
117,119,0.19633482806764613,0.5746545943406286,0.6255084855903161,0.5058008073011538,,"[0, 0, 0, 0, 0, 0, 0, 0, 0, 0, 0, 0, 0, 0, 1, 0, 0, 0, 0, 0, 0, 0]"
118,120,0.17592549051316764,0.5319886906292587,0.4468978319764822,0.244738600046684,0.7627746089619482,"[0, 0, 0, 0, 0, 1, 0, 0, 0, 1, 0, 0, 0, 0, 0, 0, 0, 0, 0, 0, 0, 0]"
119,121,-100.0,0.5109912984857242,0.46548664566041964,0.5601466732466213,0.8225422152987125,"[1, 0, 0, 0, 0, 0, 0, 0, 0, 0, 0, 0, 0, 0, 1, 0, 0, 0, 0, 0, 0, 0]"
120,122,-0.14640523723418106,0.5337361812431892,0.6926599172755566,0.519443593243375,0.5401723578233714,"[0, 0, 0, 0, 0, 0, 0, 0, 0, 0, 1, 0, 0, 0, 0, 0, 0, 1, 0, 0, 0, 0]"
121,123,-0.13277353292752425,0.5454407222104759,0.6948272152115168,0.5324961906633969,0.85290302543359,"[0, 0, 0, 0, 0, 0, 0, 0, 0, 0, 1, 0, 0, 0, 1, 0, 0, 0, 0, 1, 0, 0]"
122,124,-100.0,0.5337361812431892,0.464573902675748,0.2878340263089706,0.9003568883812949,"[0, 1, 0, 0, 0, 0, 0, 0, 0, 0, 1, 0, 0, 0, 0, 0, 0, 0, 0, 0, 0, 0]"
123,125,-100.0,0.5337361812431892,0.617761169103344,0.43794802149660794,0.21404338585350316,"[0, 1, 0, 0, 0, 0, 1, 0, 0, 0, 0, 0, 0, 0, 0, 0, 0, 0, 0, 0, 0, 0]"
124,126,-0.4255840077919203,-100.0,0.13786394249154282,0.05337853908471219,0.6210118740998807,"[1, 0, 0, 0, 0, 0, 1, 1, 0, 0, 0, 0, 0, 0, 0, 0, 0, 0, 0, 0, 0, 0]"
125,127,-100.0,-100.0,-100.0,-100.0,0.16560656937482773,"[0, 0, 0, 0, 1, 0, 0, 1, 0, 0, 0, 0, 0, 0, 0, 0, 0, 0, 0, 0, 0, 0]"
126,128,-100.0,0.5328687676456215,0.49644214041206036,0.3619790745158687,0.7475402703651869,"[0, 1, 0, 0, 0, 0, 0, 0, 0, 0, 1, 0, 0, 0, 0, 0, 0, 0, 0, 0, 0, 0]"
127,129,-100.0,0.5546321701585212,0.5232277386166283,0.30428114429484004,0.8085634422637605,"[0, 1, 0, 0, 0, 0, 0, 0, 1, 0, 0, 0, 0, 0, 0, 0, 0, 0, 0, 0, 0, 1]"
128,130,0.07106902979169503,0.5812677063515638,0.5895034166594206,0.4472789756723052,0.7362688973564928,"[0, 0, 0, 0, 0, 0, 0, 0, 0, 0, 0, 0, 0, 0, 0, 1, 0, 0, 0, 0, 0, 0]"
129,131,-0.864799714742056,0.5319886906292587,0.6104527615865594,0.47046676379947977,0.8095207676129581,"[0, 0, 0, 0, 0, 0, 0, 0, 0, 0, 1, 0, 0, 0, 0, 0, 0, 0, 0, 1, 0, 0]"
130,132,-0.09647564648409161,0.5319886906292587,0.7131213721533278,0.5228116101338943,0.8345039904555422,"[1, 0, 0, 0, 0, 0, 0, 0, 0, 0, 0, 0, 0, 0, 0, 0, 0, 0, 0, 0, 0, 0]"
131,133,0.8236688833831545,0.6230535330465709,0.8417336454589428,0.7637506422067354,0.1312401011660893,"[1, 0, 0, 0, 0, 0, 0, 0, 0, 0, 0, 0, 0, 0, 0, 0, 0, 0, 0, 0, 0, 0]"
132,134,-100.0,0.4518627867739223,0.5374985528768813,0.3335052429747971,0.5536642067148949,"[0, 1, 0, 0, 0, 0, 0, 0, 0, 0, 1, 0, 0, 0, 0, 0, 0, 0, 0, 0, 0, 0]"
133,135,-100.0,0.5328687676456215,0.5866635848620222,0.5223767758129655,0.7919429930122727,"[0, 0, 0, 0, 0, 0, 0, 0, 0, 0, 0, 0, 0, 0, 0, 0, 0, 0, 0, 1, 0, 0]"
134,136,-0.034326941081900784,0.5475317134971038,0.582693175845582,0.6152937904526689,0.8689257002320572,"[1, 0, 0, 0, 0, 0, 0, 0, 0, 0, 0, 0, 0, 0, 0, 0, 0, 1, 0, 0, 0, 0]"
135,137,-100.0,0.5109912984857242,0.47924238579689793,0.3514956782161084,0.7988412465957366,"[1, 0, 0, 0, 0, 0, 0, 0, 0, 0, 1, 0, 0, 0, 0, 0, 0, 0, 0, 1, 0, 0]"
136,138,-0.07533620744248601,0.5620699763569792,0.6935454159253439,0.559179346385866,0.7701944374520369,"[1, 0, 0, 0, 0, 0, 0, 0, 0, 0, 0, 0, 0, 0, 0, 0, 0, 0, 0, 0, 0, 0]"
137,139,-100.0,0.5234301263016986,0.4990668185965498,0.379442650550766,0.9050397412110973,"[0, 1, 0, 0, 0, 0, 0, 0, 0, 0, 1, 0, 0, 0, 0, 0, 0, 0, 0, 0, 0, 0]"
138,140,-100.0,0.6146672283514151,0.6948548446323616,0.5868625246405104,0.8211909836479305,"[1, 1, 0, 0, 1, 0, 0, 0, 0, 0, 0, 1, 0, 0, 0, 0, 0, 0, 0, 0, 0, 0]"
139,141,-100.0,0.5620699763569792,0.45395775684709105,0.30860053543115656,0.6249076504679425,"[1, 1, 0, 0, 0, 0, 0, 0, 0, 0, 1, 0, 0, 0, 0, 0, 0, 0, 0, 0, 0, 0]"
140,142,-0.14640523723418106,0.40297650341749797,0.7032392186172476,0.5456133876602242,0.7127152223680163,"[0, 0, 0, 0, 1, 0, 0, 0, 0, 0, 1, 0, 0, 0, 1, 0, 0, 1, 0, 0, 0, 0]"
141,143,0.30395234919234243,0.4953003388443693,0.6607051383014055,0.46178050082145994,0.666102256402996,"[0, 1, 0, 0, 0, 0, 0, 0, 0, 0, 1, 0, 0, 0, 0, 0, 0, 0, 0, 0, 0, 0]"
142,144,-100.0,0.5641854286725295,0.6666416597416885,0.47543680778094477,0.913831425499991,"[0, 0, 0, 0, 0, 0, 0, 0, 0, 0, 1, 0, 0, 0, 0, 0, 0, 0, 0, 1, 0, 0]"
143,145,-100.0,0.5337361812431892,0.3235230573242472,0.3314515491719226,0.5928608646245155,"[1, 1, 0, 0, 0, 0, 0, 0, 0, 0, 1, 0, 0, 0, 0, 0, 0, 1, 0, 0, 0, 0]"
144,146,-100.0,0.5488864717451536,0.6104251783880842,0.4632979677264331,0.7387577350484023,"[0, 0, 0, 0, 0, 0, 0, 0, 0, 0, 0, 0, 0, 0, 1, 0, 0, 0, 0, 0, 0, 0]"
145,147,-100.0,0.5410277131991271,0.5369986872494346,0.372437009101518,0.8390574593914578,"[0, 1, 0, 0, 0, 0, 0, 0, 0, 0, 1, 0, 0, 0, 0, 0, 0, 0, 0, 0, 0, 0]"
146,148,-100.0,0.4953003388443693,0.4937247580229248,0.3959541303904675,0.8668364569112462,"[0, 1, 0, 0, 0, 0, 0, 0, 0, 0, 0, 0, 0, 0, 0, 0, 0, 0, 0, 0, 0, 0]"
147,149,0.14105765768953796,0.5488864717451536,0.8201840618092646,0.5020327111872706,0.7611520388466918,"[0, 0, 0, 0, 1, 0, 1, 0, 0, 0, 1, 0, 0, 0, 0, 0, 0, 1, 0, 1, 0, 0]"
148,150,-100.0,0.5029414646451772,0.6369307610880925,0.4808567592950345,0.7008076181388395,"[0, 1, 0, 0, 0, 0, 0, 0, 0, 0, 1, 0, 0, 0, 0, 0, 0, 0, 0, 0, 0, 0]"
149,151,0.10999731267938138,0.49020286393425166,0.48192672772511247,0.34212392459382635,0.723542740998243,"[0, 1, 0, 0, 0, 0, 0, 0, 0, 0, 1, 0, 0, 0, 0, 0, 0, 0, 0, 0, 0, 0]"
150,152,-100.0,0.5319886906292587,0.6973463104454112,0.54548428628275,0.8945507060387402,"[1, 1, 0, 0, 0, 0, 0, 0, 0, 0, 0, 0, 0, 0, 0, 0, 0, 0, 0, 0, 0, 0]"
151,153,-0.37845204773710656,0.5475317134971038,0.6286195262706128,0.5387366315190985,0.8419994522906709,"[1, 0, 0, 0, 0, 0, 0, 0, 0, 0, 0, 0, 0, 0, 1, 0, 0, 1, 0, 0, 0, 0]"
152,154,-0.007160621588608136,0.5546321701585212,0.5974108001124605,0.42822227385967643,0.8379889380618953,"[0, 0, 0, 0, 0, 0, 0, 0, 0, 0, 1, 0, 0, 0, 1, 0, 0, 0, 0, 1, 0, 0]"
153,155,-0.4863476708068754,0.48654815680751207,0.514143695748378,0.30428114429484004,0.8493454056876976,"[1, 1, 0, 0, 1, 0, 0, 0, 0, 0, 1, 0, 0, 0, 1, 0, 0, 0, 0, 1, 0, 0]"
154,156,-100.0,-100.0,0.45094841620411913,0.3473765705571267,0.8132751471645434,"[0, 1, 0, 0, 1, 0, 0, 1, 1, 0, 1, 0, 0, 0, 0, 0, 0, 0, 0, 0, 0, 1]"
155,157,-0.3399424335726943,-100.0,0.5731891932165619,0.44176743003687136,0.6624262774993109,"[1, 1, 0, 0, 1, 0, 0, 1, 0, 0, 1, 1, 0, 0, 1, 0, 0, 1, 0, 0, 0, 0]"
156,158,0.24786732363131236,0.5319886906292587,0.7193342930696232,0.5383832167013518,0.8598942052762093,"[1, 0, 0, 0, 0, 0, 0, 0, 0, 0, 0, 0, 0, 0, 1, 0, 0, 0, 0, 0, 0, 0]"
157,159,-100.0,0.5319886906292587,0.5512774539389175,0.48549900547210745,0.9311194911262174,"[1, 0, 0, 0, 0, 0, 0, 0, 0, 0, 0, 0, 0, 0, 0, 0, 0, 0, 0, 0, 0, 0]"
158,160,0.537938225273727,0.5319886906292587,0.7812685951603932,0.6718546008469739,0.8275652928988573,"[1, 0, 0, 0, 0, 0, 0, 0, 0, 0, 0, 0, 0, 0, 0, 0, 0, 0, 0, 0, 0, 0]"
159,161,0.4863476708068754,0.5828135398941342,0.7167179404869575,0.5767087299905852,0.6739815878605018,"[1, 1, 0, 0, 0, 0, 0, 0, 0, 0, 0, 0, 0, 0, 0, 0, 0, 0, 0, 0, 0, 0]"
160,162,-100.0,0.4639600601070897,0.44849849391824914,0.28407674681897294,0.7352586597232789,"[0, 1, 0, 0, 0, 0, 0, 0, 0, 0, 1, 0, 0, 0, 0, 0, 0, 0, 0, 0, 0, 0]"
161,163,0.8316429642972223,0.49364861346892935,0.9469547043002504,0.6750788449117502,0.9196057039475896,"[1, 1, 0, 0, 0, 0, 0, 0, 0, 0, 1, 0, 0, 0, 1, 0, 0, 0, 0, 0, 0, 0]"
162,164,-100.0,0.5746545943406286,0.5475590724524755,0.506768134161909,0.7746538001879733,"[1, 1, 0, 0, 0, 0, 0, 0, 0, 0, 1, 1, 0, 0, 1, 0, 0, 0, 0, 1, 0, 0]"
163,165,-100.0,0.5109912984857242,0.6017615510454537,0.47827181332999286,0.9018125765544599,"[1, 0, 0, 0, 0, 0, 0, 0, 0, 0, 1, 0, 0, 0, 0, 0, 0, 0, 0, 0, 0, 0]"
164,166,-100.0,0.48463421177134614,0.3409218049839409,0.25090260521012786,0.7186894616180927,"[0, 1, 0, 0, 0, 0, 0, 0, 0, 0, 1, 0, 0, 0, 0, 0, 0, 0, 0, 0, 0, 0]"
165,167,0.6793208664890634,-100.0,0.5128799107901925,0.3412125653936828,0.5786860477093655,"[0, 1, 0, 0, 1, 0, 0, 1, 0, 0, 1, 0, 0, 0, 1, 0, 0, 1, 0, 1, 0, 0]"
166,168,0.1202030713164587,0.5686900782461705,0.7027172298739475,0.5417108538920896,0.5348621552369067,"[1, 1, 0, 0, 0, 0, 0, 0, 0, 0, 0, 0, 0, 0, 1, 0, 0, 0, 0, 0, 0, 0]"
167,169,-0.14640523723418106,0.5868708888476057,0.564928074361877,0.4968655387340484,0.6916679946274851,"[0, 0, 0, 0, 0, 0, 0, 0, 0, 0, 0, 0, 0, 0, 1, 0, 0, 0, 0, 1, 0, 0]"
168,170,0.19353719633851327,0.47403078278504823,0.6427458949726532,0.42672690738637375,0.19226327306466282,"[0, 0, 0, 0, 1, 0, 0, 0, 0, 0, 1, 0, 0, 0, 0, 0, 0, 0, 0, 1, 0, 0]"
169,171,-100.0,0.5686900782461705,0.6109201693603366,0.47365148337591134,0.8894287488354317,"[1, 1, 0, 0, 0, 0, 0, 0, 0, 0, 0, 0, 0, 0, 0, 0, 0, 0, 0, 0, 0, 0]"
170,172,-100.0,0.572881401656408,0.6811425269277078,0.4657018037038762,0.7684783041977535,"[0, 0, 0, 0, 0, 0, 0, 0, 0, 0, 0, 0, 0, 0, 0, 0, 0, 1, 0, 1, 0, 0]"
171,173,0.11820098889602729,0.5134522199699463,0.7507506486980224,0.4696063196118536,0.879692283502931,"[0, 1, 0, 0, 0, 0, 0, 0, 0, 0, 0, 0, 0, 0, 0, 0, 0, 0, 0, 0, 0, 0]"
172,174,-100.0,0.5319886906292587,0.6396011384558734,0.46081667154882805,0.7218522426719226,"[1, 1, 0, 0, 0, 0, 0, 0, 0, 0, 1, 0, 0, 0, 0, 0, 0, 0, 0, 0, 0, 0]"
173,175,-100.0,0.5319886906292587,0.5097797601150547,0.3748437347749643,0.8576393273030853,"[0, 1, 0, 0, 0, 0, 0, 0, 0, 0, 0, 0, 0, 0, 1, 0, 0, 0, 0, 1, 0, 0]"
174,176,-100.0,0.5705889503469028,0.7433570235201795,0.6068633869118492,0.8219299131473964,"[0, 0, 0, 0, 0, 0, 0, 0, 0, 0, 0, 0, 0, 0, 1, 0, 0, 0, 0, 0, 0, 0]"
175,177,-0.5248572862385963,0.49364861346892935,0.510085293268301,0.40606817848279947,0.78678332947492,"[0, 0, 0, 0, 0, 0, 0, 0, 0, 0, 1, 0, 0, 0, 1, 0, 0, 0, 0, 0, 0, 0]"
176,178,-100.0,0.49364861346892935,0.5493492507622602,0.47811702141128787,0.8332821678378529,"[0, 1, 0, 0, 0, 0, 0, 0, 0, 0, 1, 0, 0, 0, 0, 0, 0, 0, 0, 0, 0, 0]"
177,179,-0.6327529080410564,0.5475317134971038,0.5924863651199683,0.47463042393504545,0.5657857370806705,"[0, 1, 0, 0, 0, 0, 0, 0, 0, 0, 1, 0, 0, 0, 0, 0, 0, 0, 0, 0, 0, 0]"
178,180,-100.0,0.5546321701585212,0.7260710948889065,0.5748782102721866,0.7995836970166116,"[1, 1, 0, 0, 0, 0, 0, 0, 0, 0, 0, 0, 0, 0, 0, 0, 0, 0, 0, 0, 0, 0]"
179,181,-0.23204681113657985,0.5213511545954019,0.480297452904683,0.41605453196447,,"[0, 0, 0, 0, 0, 0, 0, 0, 0, 0, 1, 0, 0, 0, 0, 0, 0, 1, 0, 1, 0, 0]"
180,182,-100.0,0.5283339835025191,0.6884339810849588,0.6389851448736305,0.7557211087227281,"[1, 0, 0, 0, 0, 0, 0, 0, 0, 0, 0, 0, 0, 0, 1, 0, 0, 0, 0, 0, 0, 0]"
181,183,0.5638552657209607,0.5180917551471416,0.6476777107093933,0.47543680778094477,0.5022921101767188,"[1, 1, 0, 0, 0, 0, 0, 0, 0, 0, 1, 0, 0, 0, 0, 0, 0, 0, 0, 0, 0, 0]"
182,184,-100.0,0.5705889503469028,0.7261753583166407,0.6130967886748775,0.82339419977333,"[1, 0, 0, 0, 0, 0, 0, 0, 0, 0, 0, 0, 0, 0, 0, 0, 0, 0, 0, 0, 0, 0]"
183,185,-0.038509614671335686,0.5696469904799882,0.9432911206354754,0.6556224030615178,0.8622825980357927,"[0, 0, 0, 0, 0, 0, 0, 0, 0, 0, 0, 0, 0, 0, 1, 0, 0, 0, 0, 0, 0, 0]"
184,186,0.30395234919234243,0.5109912984857242,0.5021702563563765,0.28012670389008487,0.8143265061019735,"[0, 1, 0, 0, 0, 0, 0, 0, 0, 0, 1, 0, 0, 0, 0, 0, 0, 0, 0, 0, 0, 0]"
185,187,-0.7183944838444182,0.5546321701585212,0.663495696814887,0.46441676154897665,0.9476419669683923,"[0, 0, 0, 0, 0, 0, 0, 0, 0, 0, 0, 0, 0, 0, 1, 0, 0, 0, 0, 0, 0, 0]"
186,188,-100.0,0.5310955749614009,0.4705771141454228,0.3908338249883973,0.9912236222507118,"[1, 1, 0, 0, 0, 0, 0, 0, 0, 0, 0, 0, 0, 0, 0, 0, 0, 0, 0, 0, 0, 0]"
187,189,-0.10789562264733263,0.5109912984857242,0.5558405343079196,0.3260641114660538,0.7625729888496358,"[1, 1, 0, 0, 0, 0, 0, 0, 0, 0, 1, 0, 0, 0, 1, 0, 0, 0, 0, 0, 0, 0]"
188,190,-0.0035499678321909145,0.587226548905483,0.7981541357788549,0.536300796431725,0.8899161987786396,"[1, 1, 0, 0, 0, 0, 0, 0, 0, 0, 0, 0, 0, 0, 0, 0, 0, 0, 0, 0, 0, 0]"
189,191,-0.3399424335726943,0.4408716766769272,0.6109749723051908,0.4773383600388563,0.8213144564115717,"[0, 1, 0, 0, 1, 0, 0, 0, 0, 0, 1, 0, 0, 0, 0, 0, 0, 0, 0, 0, 0, 0]"
190,192,0.3893154546639812,0.5993882628700695,0.6948087900841962,0.6021510634590953,0.8232728590943469,"[1, 1, 0, 0, 0, 0, 0, 0, 0, 0, 0, 0, 0, 0, 0, 0, 0, 0, 0, 0, 0, 0]"
191,193,-100.0,0.5223996019775226,0.6651931456741671,0.5555814358741246,0.8332821678378529,"[0, 1, 0, 0, 0, 0, 0, 0, 0, 0, 1, 0, 0, 0, 1, 0, 0, 0, 0, 1, 0, 0]"
192,194,-100.0,0.5319886906292587,0.6603743224594458,0.504381750284428,0.8396940144759187,"[0, 1, 0, 0, 0, 0, 0, 0, 0, 0, 1, 0, 0, 0, 0, 0, 0, 0, 0, 0, 0, 0]"
193,195,0.15838032058861176,0.4919503545481821,0.7985451563714618,0.6603582976902251,0.7688618033655952,"[0, 1, 0, 0, 0, 0, 0, 0, 0, 0, 1, 0, 0, 0, 0, 0, 0, 0, 0, 0, 0, 0]"
194,196,0.20451203415015848,0.5475317134971038,0.9562547613114863,0.8336758841271283,0.7911513407566542,"[1, 0, 0, 0, 0, 0, 0, 0, 0, 0, 0, 0, 0, 0, 0, 0, 0, 0, 0, 0, 0, 0]"
195,197,0.9565326915038121,0.5724298324666568,0.8286116888803272,0.6021510634590953,0.5249604046643572,"[0, 1, 0, 0, 0, 0, 0, 0, 0, 0, 0, 0, 0, 0, 1, 0, 0, 0, 0, 1, 0, 0]"
196,198,-100.0,-100.0,0.6295933685235188,0.5110273005808573,0.826270002958658,"[0, 1, 0, 0, 0, 0, 0, 0, 0, 0, 1, 0, 0, 0, 1, 0, 0, 0, 0, 1, 0, 0]"
197,199,-100.0,0.5319886906292587,0.8185963786339492,0.5993458435951073,0.8603401180305736,"[0, 1, 0, 0, 0, 0, 0, 0, 0, 0, 1, 0, 0, 0, 0, 0, 0, 1, 0, 0, 0, 0]"
198,200,-100.0,-100.0,-100.0,-100.0,0.6692284879573337,"[0, 1, 0, 0, 0, 0, 0, 1, 0, 0, 0, 0, 0, 0, 0, 0, 0, 0, 0, 0, 0, 0]"
199,201,-100.0,0.5337361812431892,0.5585947056237909,0.3878904493827433,0.8406425320252284,"[0, 1, 0, 0, 0, 0, 0, 0, 0, 0, 0, 0, 0, 0, 0, 0, 0, 0, 0, 0, 0, 0]"
200,202,0.03255941526519466,0.5134522199699463,0.5456622632174796,0.43820862734134697,0.718980472451867,"[1, 1, 0, 0, 0, 0, 0, 0, 0, 0, 1, 0, 0, 0, 0, 0, 0, 0, 0, 0, 0, 0]"
201,203,0.04713195910433224,0.5109912984857242,0.6392794764523095,0.4873077903353961,0.6571796907241596,"[0, 0, 0, 0, 0, 0, 0, 0, 0, 0, 1, 0, 0, 0, 0, 0, 0, 1, 0, 1, 0, 0]"
202,204,0.07106902979169503,0.5417860150837362,0.8222495035432181,0.6414024954027265,0.5928608646245155,"[0, 1, 0, 0, 0, 0, 0, 0, 0, 0, 1, 0, 0, 0, 0, 0, 0, 1, 0, 1, 0, 0]"
203,205,-0.864799714742056,-100.0,0.6082993822619678,0.4470473696221576,0.8073212138618537,"[1, 0, 0, 0, 0, 0, 0, 1, 0, 0, 0, 0, 0, 0, 0, 0, 0, 0, 0, 0, 0, 0]"
204,206,-0.24288088338477035,0.5244433300669413,0.6811095064002047,0.49734987337223846,0.7609476591763297,"[1, 0, 0, 0, 0, 0, 0, 0, 1, 0, 1, 0, 0, 0, 1, 0, 0, 0, 0, 0, 0, 1]"
205,207,-100.0,0.49364861346892935,0.5468059506356544,0.4763934530474493,0.9689066101842355,"[0, 0, 0, 0, 0, 0, 0, 0, 0, 0, 0, 0, 0, 0, 1, 0, 0, 0, 0, 0, 0, 0]"
206,208,0.422748822282615,0.5488864717451536,0.7919093561928826,0.6548143920997448,,"[0, 1, 0, 0, 0, 0, 0, 0, 0, 0, 1, 0, 0, 0, 0, 0, 0, 0, 0, 0, 0, 0]"
207,209,0.20979276196920982,0.5337361812431892,0.8880783362741932,0.6926222481194171,,"[1, 1, 0, 0, 0, 0, 0, 0, 0, 0, 1, 0, 0, 0, 0, 0, 0, 1, 0, 0, 0, 0]"
208,210,-100.0,0.5134522199699463,0.3807740718822522,0.25660958260113537,0.8120812016416454,"[0, 1, 0, 0, 0, 0, 0, 0, 0, 0, 0, 0, 0, 0, 0, 0, 0, 0, 0, 0, 0, 0]"
209,211,-100.0,0.5641854286725295,0.6507601877115435,0.5421843403862472,0.86708910393144,"[1, 0, 0, 0, 0, 0, 0, 0, 0, 0, 0, 0, 0, 0, 0, 0, 0, 0, 0, 1, 0, 0]"
210,212,0.3022760061555212,0.5319886906292587,0.7282851831312576,0.5313404568108837,0.6571796907241596,"[1, 1, 0, 0, 1, 0, 0, 0, 0, 0, 1, 0, 0, 0, 0, 0, 0, 1, 0, 0, 0, 0]"
211,213,0.5161738157424118,0.4953003388443693,0.9365581065674644,0.8037352120893975,0.8427237673873709,"[1, 0, 0, 0, 0, 0, 0, 0, 0, 0, 0, 0, 0, 0, 1, 0, 0, 0, 0, 0, 0, 0]"
212,214,0.38875741440823747,0.5652159529967056,0.6895173579075746,0.6035314640576034,0.7866184434747084,"[1, 0, 0, 0, 0, 0, 0, 0, 0, 0, 0, 0, 0, 0, 0, 0, 0, 0, 1, 0, 0, 0]"
213,215,-100.0,0.49364861346892935,0.6504492390175539,0.4943970917099035,0.906500298027673,"[1, 0, 0, 0, 0, 0, 0, 0, 0, 0, 1, 0, 0, 0, 0, 0, 0, 0, 0, 0, 0, 0]"
214,216,-0.4007060971156947,0.5000001883887292,0.3982702038497477,0.30278577782153737,0.8213144564115717,"[0, 0, 0, 0, 0, 0, 0, 0, 0, 0, 0, 0, 0, 0, 1, 0, 0, 0, 0, 1, 0, 0]"
215,217,-100.0,0.5319886906292587,0.5479328869431552,0.4080178763838094,0.7956715626666147,"[0, 1, 0, 0, 0, 0, 0, 0, 0, 0, 1, 0, 0, 0, 0, 0, 0, 0, 0, 0, 0, 0]"
216,218,0.48386897216424124,0.5328687676456215,0.7985427635201198,0.7031666329427374,0.5427414866944126,"[0, 0, 0, 0, 0, 0, 0, 0, 0, 0, 0, 1, 0, 0, 1, 0, 0, 0, 0, 0, 0, 0]"
217,219,-0.18491485165205496,0.47403078278504823,0.6537553422121427,0.5584184895608774,0.8726769674020446,"[1, 0, 0, 0, 0, 0, 0, 0, 0, 0, 1, 0, 0, 0, 0, 0, 0, 0, 0, 0, 0, 0]"
218,220,0.47955090471430556,1.0,0.8659859582613411,0.626359056271155,0.8866759324083171,"[1, 1, 0, 0, 0, 0, 0, 0, 0, 0, 0, 0, 0, 0, 0, 0, 0, 0, 0, 0, 0, 0]"
219,221,0.7319161480585064,0.5134522199699463,0.5700836402202311,0.45785061994364334,0.7438213743106226,"[0, 0, 0, 0, 0, 0, 0, 0, 0, 0, 1, 0, 0, 0, 1, 0, 0, 0, 0, 0, 0, 0]"
220,222,0.4260528600955418,0.5923240238156006,0.578798533346177,0.49807071127464175,0.7742884791442819,"[1, 1, 0, 0, 0, 0, 0, 0, 0, 0, 0, 0, 0, 0, 0, 0, 0, 0, 0, 0, 0, 0]"
221,223,-100.0,0.552145871193414,0.8450033756229856,0.6133915857948943,0.8973258946170448,"[1, 0, 0, 0, 0, 0, 0, 0, 0, 0, 0, 0, 0, 0, 0, 0, 0, 0, 0, 0, 0, 0]"
222,224,-100.0,0.5337361812431892,0.7936144341627394,0.547650106800031,0.8861750516401881,"[1, 1, 0, 0, 0, 0, 0, 0, 0, 0, 1, 0, 0, 0, 0, 0, 0, 0, 0, 0, 0, 0]"
223,225,0.23438073641417417,-100.0,0.8748200485926145,0.607501265927856,0.7643754354389131,"[1, 1, 0, 0, 0, 0, 0, 0, 0, 0, 0, 0, 0, 0, 0, 0, 0, 0, 0, 0, 0, 0]"
224,226,0.3298481799097865,0.5746545943406286,0.9051286663058092,0.837824634892163,0.7750180074462666,"[1, 1, 0, 0, 0, 0, 0, 0, 0, 0, 1, 1, 0, 0, 1, 0, 0, 0, 0, 0, 0, 0]"
225,227,0.16653647324932613,0.5488864717451536,0.6527433314857589,0.5133173283177007,0.7001288669481183,"[0, 1, 0, 0, 0, 0, 0, 0, 0, 0, 0, 0, 0, 0, 1, 0, 0, 0, 0, 0, 0, 0]"
226,228,0.35619799920339085,0.5620699763569792,0.7034947760676942,0.5392987431654173,0.7661510899205713,"[0, 1, 0, 0, 0, 0, 0, 0, 0, 0, 1, 0, 0, 0, 1, 0, 0, 0, 0, 1, 0, 0]"
227,229,-0.5248572862385963,0.5319886906292587,0.5410455974490741,0.43502159514900124,0.9051621386482268,"[1, 0, 0, 0, 0, 0, 0, 0, 0, 0, 1, 0, 0, 0, 0, 0, 0, 0, 0, 1, 0, 0]"
228,230,0.3413458813116836,0.49364861346892935,0.7252938829136937,0.5541515961794247,0.9229724993451741,"[1, 0, 0, 0, 0, 0, 0, 0, 0, 0, 0, 0, 0, 0, 1, 0, 0, 0, 0, 0, 0, 0]"
229,231,-0.2928104744683621,0.552145871193414,0.7224136189316296,0.586103809600607,0.9210602504322831,"[0, 1, 0, 0, 0, 0, 0, 0, 0, 0, 0, 0, 0, 0, 0, 0, 0, 0, 0, 1, 0, 0]"
230,232,-100.0,0.5488864717451536,0.42297043609579377,0.35386537145141495,0.6997880396464878,"[0, 1, 0, 0, 0, 0, 0, 0, 0, 0, 1, 0, 0, 0, 0, 0, 0, 0, 0, 0, 0, 0]"
231,233,-0.864799714742056,0.5696469904799882,0.8571747859095374,0.6625789683139682,0.8445663728878277,"[1, 0, 0, 0, 0, 0, 0, 0, 0, 0, 0, 0, 0, 0, 1, 0, 0, 0, 0, 0, 0, 0]"
232,234,0.35554508333897195,-100.0,0.3332210502722613,0.12394112956483641,0.6916679946274851,"[1, 1, 0, 0, 0, 0, 0, 1, 0, 0, 0, 0, 0, 0, 1, 0, 0, 1, 0, 0, 0, 0]"
233,235,-100.0,0.5134522199699463,0.43355948337080813,0.33841193117018964,0.4742906280660576,"[1, 1, 0, 0, 0, 0, 0, 0, 0, 0, 1, 0, 0, 0, 0, 0, 0, 0, 0, 0, 0, 0]"
234,236,0.7111124354328011,-100.0,0.6200101948486554,0.5702894721153288,0.7011455529842481,"[1, 1, 0, 0, 0, 0, 0, 0, 0, 0, 1, 0, 0, 0, 1, 0, 0, 1, 0, 0, 0, 0]"
235,237,-100.0,0.5319886906292587,0.5703163084692575,0.4392423200916446,0.8654799070529209,"[0, 1, 0, 0, 0, 0, 0, 0, 0, 0, 1, 0, 0, 0, 1, 0, 0, 0, 0, 1, 0, 0]"
236,238,-0.09098915323582378,0.5319886906292587,0.7701341157363248,0.6079331736984204,0.8666677282275631,"[0, 0, 0, 0, 0, 0, 0, 0, 0, 0, 1, 0, 0, 0, 0, 0, 0, 1, 0, 1, 0, 0]"
237,239,-100.0,0.48463421177134614,0.3010040822489958,0.12394112956483641,0.7166322909361502,"[0, 1, 0, 0, 0, 0, 0, 0, 0, 0, 1, 0, 0, 0, 0, 0, 0, 0, 0, 0, 0, 0]"
238,240,-0.32303596383623456,0.5552380466649534,0.5428592736909561,0.3693188117326403,0.8437509438637435,"[0, 1, 0, 0, 0, 0, 0, 0, 0, 0, 1, 0, 0, 0, 0, 0, 0, 0, 0, 0, 0, 0]"
239,241,-100.0,0.5475317134971038,0.6247564790316257,0.49452241143426834,0.8741926724604427,"[0, 0, 0, 0, 0, 0, 0, 0, 0, 0, 1, 0, 0, 0, 0, 0, 0, 1, 0, 1, 0, 0]"
240,242,-100.0,0.49364861346892935,0.542058468564834,0.3699526338589747,1.0,"[0, 0, 0, 0, 0, 0, 0, 0, 0, 0, 1, 0, 0, 0, 0, 0, 0, 0, 0, 1, 0, 0]"
241,243,-100.0,0.5488864717451536,0.7109710309668852,0.5598791879008355,0.6956204115871146,"[1, 1, 0, 0, 0, 0, 0, 0, 1, 0, 1, 0, 0, 1, 0, 0, 1, 0, 0, 0, 0, 1]"
242,244,0.46448440478169223,0.5234301263016986,0.7226321350545227,0.5085628037466916,0.9614691762020824,"[0, 0, 0, 0, 0, 0, 0, 0, 0, 0, 0, 0, 0, 0, 1, 0, 0, 0, 0, 0, 0, 0]"
243,245,-0.2928104744683621,0.6146672283514151,0.6745035841462853,0.46820929347887913,0.7428732749833186,"[1, 0, 0, 0, 0, 0, 0, 0, 0, 0, 0, 0, 0, 0, 1, 0, 0, 0, 0, 0, 0, 0]"
244,246,-100.0,0.49364861346892935,0.576560791785903,0.4293980059130042,0.9630619983088979,"[0, 0, 0, 0, 0, 0, 0, 0, 0, 0, 0, 0, 0, 0, 1, 0, 0, 0, 0, 0, 0, 0]"
245,247,-100.0,0.5283339835025191,0.6007671161201289,0.5443780972484542,0.9379120749071369,"[1, 0, 0, 0, 0, 0, 0, 0, 0, 0, 0, 0, 0, 0, 0, 0, 0, 0, 0, 0, 0, 0]"
246,248,-100.0,0.5733296134233659,0.7011296740070391,0.4875823323503365,0.9248546196664954,"[1, 1, 0, 0, 0, 0, 0, 0, 0, 0, 0, 0, 0, 0, 0, 0, 0, 0, 0, 0, 0, 0]"
247,249,-0.37845204773710656,0.49020286393425166,0.2875887518146662,0.31269046750591833,0.676496625769248,"[1, 1, 0, 0, 1, 0, 0, 0, 0, 0, 0, 0, 0, 0, 0, 0, 0, 0, 0, 0, 0, 0]"
248,250,0.34481423693506746,0.4551221862221827,0.8723486924429408,0.5905838438433136,0.627435996446461,"[0, 0, 1, 0, 0, 1, 0, 0, 0, 1, 0, 0, 1, 0, 0, 0, 0, 0, 0, 0, 1, 0]"
249,251,0.3200223101285656,0.5319886906292587,0.6721898739828205,0.49464752755216773,0.765167875413993,"[1, 0, 0, 0, 0, 0, 0, 0, 0, 0, 1, 0, 0, 0, 1, 0, 0, 0, 0, 0, 0, 0]"
250,252,0.24010515483734812,0.5097221104506968,0.39739583840284437,0.24788225912967282,0.6448639127431278,"[1, 1, 0, 0, 1, 0, 0, 0, 0, 0, 1, 0, 0, 0, 0, 0, 0, 0, 0, 0, 0, 0]"
251,253,-100.0,0.5109912984857242,0.6321107769598624,0.41465433059735374,0.8728374239583214,"[1, 1, 0, 0, 0, 0, 0, 0, 0, 0, 1, 0, 0, 0, 0, 0, 0, 0, 0, 0, 0, 0]"
252,254,-100.0,0.48463421177134614,0.5252571309260569,0.42301491396273705,0.931757659295399,"[0, 1, 0, 0, 0, 0, 0, 0, 0, 0, 1, 0, 0, 0, 0, 0, 0, 0, 0, 0, 0, 0]"
253,255,-0.18491485165205496,0.5109912984857242,0.7354596634016414,0.4840781357620333,0.7461592158137949,"[1, 0, 0, 0, 0, 0, 0, 0, 0, 0, 1, 0, 0, 0, 1, 0, 0, 0, 0, 0, 0, 0]"
254,256,-100.0,0.5319886906292587,0.6553719888459698,0.504821174892583,0.8771675809456471,"[1, 0, 0, 0, 0, 0, 0, 0, 0, 0, 0, 0, 0, 0, 0, 0, 0, 0, 0, 0, 0, 0]"
255,257,-0.864799714742056,0.5234301263016986,0.5234843591924346,0.4543449217085248,0.7224184043391773,"[1, 0, 0, 0, 0, 0, 0, 0, 0, 0, 1, 0, 0, 0, 1, 0, 0, 0, 0, 0, 0, 0]"
256,258,0.21109256984920452,0.5319886906292587,0.6074151303535739,0.4642314210175696,0.8465809212732217,"[0, 0, 0, 0, 0, 0, 0, 0, 0, 0, 0, 0, 0, 0, 1, 0, 0, 0, 0, 1, 0, 0]"
257,259,-0.7183944838444182,0.5475317134971038,0.6111664758064511,0.4255093491600468,0.8861750516401881,"[1, 1, 0, 0, 0, 0, 0, 0, 0, 0, 0, 0, 0, 0, 0, 0, 0, 0, 0, 0, 0, 0]"
258,260,0.24346678722200366,0.4969080129171898,0.620398921062637,0.4477401085090367,0.8723554062706337,"[0, 1, 0, 0, 0, 0, 0, 0, 0, 0, 1, 0, 0, 0, 0, 0, 0, 0, 0, 0, 0, 0]"
259,261,-100.0,0.5620699763569792,0.5291620702340805,0.45263828225324837,0.9136036658729659,"[1, 0, 0, 0, 0, 0, 0, 0, 0, 0, 0, 0, 0, 0, 1, 0, 0, 0, 0, 1, 0, 0]"
260,262,-100.0,0.5319886906292587,0.5994421059617457,0.4582527563855328,0.788744411351384,"[0, 1, 0, 0, 0, 0, 0, 0, 0, 0, 0, 0, 0, 0, 0, 0, 0, 0, 0, 0, 0, 0]"
261,263,0.003491287982343341,0.5967216962613378,0.7927601693212037,0.7286252902070048,0.8052216890265912,"[0, 0, 0, 0, 0, 0, 0, 0, 0, 0, 0, 0, 0, 0, 0, 0, 0, 0, 0, 1, 0, 0]"
262,264,-100.0,0.5319886906292587,0.5143362949260948,0.3249398731984144,0.7054538660773885,"[1, 0, 0, 0, 0, 0, 0, 0, 0, 0, 1, 0, 0, 0, 0, 0, 0, 0, 0, 1, 0, 0]"
263,265,-0.4863476708068754,0.49364861346892935,0.7456273304497003,0.5407550567371443,0.8590873436769639,"[1, 0, 0, 0, 0, 0, 0, 0, 0, 0, 1, 0, 0, 0, 1, 0, 0, 0, 0, 0, 0, 0]"
264,266,0.34481423693506746,-100.0,0.3163043297572444,0.14985250443171097,0.3517423512271673,"[1, 0, 0, 0, 0, 0, 0, 1, 0, 0, 1, 0, 0, 0, 0, 0, 0, 0, 0, 0, 0, 0]"
265,267,-0.4255840077919203,0.5475317134971038,0.5538522238951492,0.4580519506560364,0.723542740998243,"[0, 1, 0, 0, 0, 0, 0, 0, 0, 0, 1, 0, 0, 0, 0, 0, 0, 0, 0, 0, 0, 0]"
266,268,-0.01837837849489679,0.5319886906292587,0.71600075841339,0.48535809243438627,0.6485890217680844,"[0, 1, 0, 0, 0, 0, 0, 0, 0, 0, 1, 0, 0, 0, 0, 0, 0, 0, 0, 0, 0, 0]"
267,269,0.92210289499152,0.5540201425164321,1.0,1.0,,"[1, 1, 0, 0, 0, 0, 0, 0, 0, 0, 0, 1, 0, 0, 0, 0, 0, 0, 0, 0, 0, 0]"
268,270,0.1202030713164587,0.5570199755574281,0.8072421368946036,0.5166765068111453,,"[0, 0, 0, 0, 0, 0, 0, 0, 0, 0, 1, 0, 0, 0, 0, 0, 0, 1, 0, 1, 0, 0]"
269,271,-100.0,0.5746545943406286,0.4091938687006567,0.13798152187725962,0.6966760286609649,"[0, 1, 0, 0, 0, 0, 0, 0, 0, 0, 0, 0, 0, 0, 0, 0, 0, 0, 0, 0, 0, 0]"
270,272,-100.0,0.4639600601070897,0.6293564539501839,0.4877192371928425,0.7511468805379362,"[0, 0, 0, 0, 0, 0, 0, 0, 0, 0, 1, 0, 0, 0, 0, 0, 0, 1, 0, 1, 0, 0]"
271,273,-100.0,0.48654815680751207,0.3999896794571751,0.35386537145141495,0.5334968845116838,"[0, 0, 0, 0, 0, 0, 0, 0, 0, 0, 1, 0, 0, 0, 0, 0, 0, 0, 0, 1, 0, 0]"
272,274,-100.0,0.4408716766769272,0.5780878319431786,0.33935683816159673,0.7539991345727618,"[0, 1, 0, 0, 0, 0, 0, 0, 0, 0, 1, 0, 0, 0, 0, 0, 0, 0, 0, 0, 0, 0]"
273,275,1.0,0.46920547179071714,0.8645524211467358,0.6142428160564615,0.6683435958505223,"[0, 1, 0, 0, 0, 0, 0, 0, 0, 0, 1, 0, 0, 0, 0, 0, 0, 1, 0, 0, 0, 0]"
274,276,0.06338752473502875,0.5109912984857242,0.6767846916799577,0.5716352488496772,0.8890793485039039,"[1, 1, 0, 0, 0, 0, 0, 0, 0, 0, 1, 0, 0, 0, 0, 0, 0, 0, 0, 0, 0, 0]"
275,277,-100.0,0.4221742334120826,0.281886637559583,0.16920596558509482,0.5513217809153049,"[0, 0, 0, 0, 1, 0, 0, 0, 0, 0, 1, 0, 0, 0, 0, 0, 0, 0, 0, 0, 0, 0]"
276,278,-100.0,0.593931697888421,0.7665306409821339,0.6502286925168423,0.8546895505639738,"[0, 0, 0, 0, 0, 0, 0, 0, 0, 0, 0, 0, 0, 0, 0, 0, 0, 0, 0, 1, 0, 0]"
277,279,-100.0,0.5552380466649534,0.601079259880162,0.44324368521745217,0.7475402703651869,"[1, 0, 0, 0, 0, 0, 0, 0, 0, 0, 0, 0, 0, 0, 0, 0, 0, 0, 0, 0, 0, 0]"
278,280,0.06597919054985227,0.5234301263016986,0.6511674255168692,0.500077188320967,0.7759236970626221,"[1, 0, 0, 0, 0, 0, 0, 0, 0, 0, 1, 0, 0, 0, 0, 0, 0, 0, 0, 0, 0, 0]"
279,281,-0.3073830186695879,0.5546321701585212,0.5716977339294333,0.4456429120882607,0.6945553832413817,"[0, 0, 0, 0, 1, 0, 0, 0, 0, 0, 1, 0, 0, 0, 1, 0, 0, 1, 0, 0, 0, 0]"
280,282,-100.0,0.5319886906292587,0.7663381418111751,0.7490652455318896,0.7555072145058923,"[1, 0, 0, 0, 0, 0, 0, 0, 0, 0, 0, 0, 0, 0, 0, 0, 0, 0, 0, 0, 0, 0]"
281,283,0.016906469346518623,-100.0,0.8713259661199675,0.8535745184865303,,"[1, 1, 0, 0, 0, 0, 0, 1, 0, 0, 0, 1, 0, 0, 0, 0, 0, 0, 0, 0, 0, 0]"
282,284,-100.0,0.4953003388443693,0.6337172539028758,0.46385939636348256,0.801783757139281,"[0, 1, 0, 0, 0, 0, 0, 0, 0, 0, 1, 0, 0, 0, 0, 0, 0, 1, 0, 0, 0, 0]"
283,285,-0.06551033777204386,0.5264200384663532,0.5436518300339618,0.40284220089531014,0.82339419977333,"[1, 0, 0, 0, 0, 0, 0, 0, 0, 0, 1, 0, 0, 0, 0, 0, 0, 0, 0, 0, 0, 0]"
284,286,-100.0,0.49364861346892935,0.3527826718155215,0.37888258296484956,0.9372592870084991,"[0, 0, 0, 0, 0, 0, 0, 0, 0, 0, 0, 0, 0, 0, 0, 0, 0, 0, 0, 1, 0, 0]"
285,287,-0.2663737522557544,0.49847392446326044,0.5721981061596239,0.3660690065906306,0.8614917610219965,"[0, 1, 0, 0, 1, 0, 0, 0, 0, 0, 1, 0, 0, 0, 0, 0, 0, 0, 0, 0, 0, 0]"
286,288,-100.0,0.5283339835025191,0.740317089106895,0.526535845661305,0.9869210257863995,"[1, 0, 0, 0, 0, 0, 0, 0, 0, 0, 0, 0, 0, 0, 1, 0, 0, 0, 0, 0, 0, 0]"
287,289,-100.0,0.5865131180351913,0.592764515739456,0.5487105951763311,0.8087006736265693,"[0, 0, 0, 0, 0, 0, 0, 0, 0, 0, 0, 0, 0, 0, 0, 0, 0, 1, 0, 1, 0, 0]"
288,290,-0.10210846299693688,0.4953003388443693,0.6357885048360858,0.4470473696221576,0.7178121512746453,"[0, 1, 0, 0, 0, 0, 0, 0, 0, 0, 1, 0, 0, 0, 0, 0, 0, 1, 0, 0, 0, 0]"
289,291,-100.0,0.5109912984857242,0.714660002464792,0.5961339408497346,0.8534700829296291,"[1, 1, 0, 0, 0, 0, 0, 0, 0, 0, 0, 0, 0, 0, 1, 0, 0, 0, 0, 0, 0, 0]"
290,292,-100.0,0.4826374052870832,0.5446311813717164,0.44658205730841616,0.7518111633702541,"[0, 0, 0, 0, 0, 0, 0, 0, 0, 0, 1, 0, 0, 0, 0, 0, 0, 1, 0, 1, 0, 0]"
291,293,-100.0,0.49020286393425166,0.4125156794244055,0.29141648403574455,0.7711372986069747,"[0, 1, 0, 0, 1, 0, 0, 0, 0, 0, 1, 0, 0, 0, 0, 0, 0, 1, 0, 0, 0, 0]"
292,294,-0.27917876976567135,-100.0,0.6802682243635276,0.5147749545532337,0.6305229870343244,"[1, 1, 0, 0, 1, 0, 0, 1, 0, 0, 1, 0, 0, 0, 0, 0, 0, 0, 0, 0, 0, 0]"
293,295,0.20182132123253832,0.5475317134971038,0.8180356442806836,0.6587722448713074,0.8780150909628535,"[1, 1, 0, 0, 0, 0, 0, 0, 0, 0, 0, 0, 0, 0, 0, 0, 0, 0, 0, 0, 0, 0]"
294,296,0.192124360877025,0.5328687676456215,0.5896481150214314,0.5329536709412385,0.8225422152987125,"[1, 1, 0, 0, 0, 0, 1, 0, 0, 0, 1, 1, 0, 0, 1, 0, 0, 1, 0, 0, 0, 0]"
295,297,-100.0,0.5410277131991271,0.5532165637686969,0.3799986742921347,0.8724358777375958,"[0, 1, 0, 0, 0, 0, 0, 0, 0, 0, 1, 0, 0, 0, 0, 0, 0, 0, 0, 0, 0, 0]"
296,298,-100.0,0.5319886906292587,0.6429630957698779,0.5104185309787775,0.723542740998243,"[1, 1, 0, 0, 0, 0, 0, 0, 0, 0, 0, 0, 0, 0, 1, 0, 0, 0, 0, 0, 0, 0]"
297,299,0.22366879042425725,0.5475317134971038,0.36441888642525466,0.25931192842120615,0.6491118229884445,"[0, 0, 0, 0, 0, 0, 0, 0, 0, 0, 0, 0, 0, 0, 0, 0, 0, 0, 0, 1, 0, 0]"
298,300,-0.3073830186695879,0.512234315821425,0.5297940518676951,0.3883888909521591,0.6887090845202596,"[1, 1, 0, 0, 0, 0, 0, 0, 0, 0, 1, 0, 0, 0, 1, 0, 0, 1, 0, 1, 0, 0]"
299,301,-0.3073830186695879,0.46115563795017006,0.4080539466465153,0.30428114429484004,0.7953652550931833,"[1, 1, 0, 0, 1, 0, 0, 0, 0, 0, 0, 0, 0, 0, 0, 0, 0, 1, 0, 0, 0, 0]"
300,302,-0.4007060971156947,0.5475317134971038,0.4683367244999379,0.31135114759792015,,"[1, 1, 0, 0, 0, 0, 0, 0, 0, 0, 1, 0, 0, 0, 0, 0, 0, 0, 0, 0, 0, 0]"
301,303,-0.18491485165205496,0.36119067672249083,0.5496537360481073,0.37058128186943196,0.7911513407566542,"[0, 1, 0, 0, 0, 0, 0, 0, 0, 0, 0, 0, 0, 0, 1, 0, 0, 0, 0, 0, 0, 0]"
302,304,-100.0,0.4953003388443693,0.6939191547600916,0.4953939852896709,0.8328347520032804,"[0, 0, 0, 0, 0, 0, 0, 0, 0, 0, 1, 0, 0, 0, 0, 0, 0, 1, 0, 0, 0, 0]"
303,305,-0.07036614016054128,0.5417860150837362,0.4875764817663188,0.39131363310521733,0.08280328468741387,"[1, 0, 0, 0, 0, 0, 1, 0, 0, 0, 0, 1, 0, 0, 0, 0, 0, 1, 0, 0, 0, 0]"
304,306,-100.0,0.5109912984857242,0.37150654361958146,0.266892695423561,0.8084260530730125,"[1, 0, 0, 0, 0, 0, 0, 0, 0, 0, 1, 0, 0, 0, 0, 0, 0, 0, 0, 1, 0, 0]"
305,307,-0.7183944838444182,0.5319886906292587,0.624779375425582,0.5295339426269101,0.8611385903636162,"[1, 1, 0, 0, 0, 0, 0, 0, 0, 0, 0, 0, 0, 0, 1, 0, 0, 0, 0, 0, 0, 0]"
306,308,0.6562179827560999,0.5657246834837187,0.9778674588101663,0.9053085822244195,0.8435462139281366,"[1, 1, 0, 0, 0, 0, 0, 0, 0, 0, 0, 0, 0, 0, 0, 0, 0, 0, 0, 0, 0, 0]"
307,309,0.6391670817561116,0.6099916918563674,0.7763173615363836,0.6485696388167258,0.596156518825586,"[1, 1, 0, 0, 0, 0, 0, 0, 0, 0, 0, 0, 0, 0, 1, 0, 0, 0, 0, 0, 0, 0]"
308,310,-100.0,0.5402597511582675,0.8175044650803198,0.6735877158695228,0.8395881572353296,"[0, 0, 0, 0, 0, 0, 0, 0, 0, 0, 1, 0, 0, 0, 1, 0, 0, 0, 0, 1, 0, 0]"
309,311,-100.0,0.5319886906292587,0.4535349902267744,0.32379897894420034,0.8465809212732217,"[1, 0, 0, 0, 0, 0, 0, 0, 0, 0, 1, 0, 0, 0, 1, 0, 0, 0, 0, 1, 0, 0]"
310,312,-0.37845204773710656,0.9501638550328247,0.9249826285976368,0.6676874629258389,0.9425633909169641,"[1, 0, 0, 0, 0, 0, 0, 0, 0, 0, 0, 0, 0, 0, 0, 0, 0, 0, 0, 0, 0, 0]"
311,313,-100.0,0.5354344401639365,0.6155993401840437,0.5599327593489976,0.8205716982372446,"[1, 1, 0, 0, 0, 0, 0, 0, 0, 0, 1, 0, 0, 0, 0, 0, 0, 0, 0, 0, 0, 0]"
312,314,-100.0,0.5283339835025191,0.6037427722228346,0.5971975255228392,0.7557211087227281,"[1, 0, 0, 0, 0, 0, 0, 0, 0, 0, 0, 0, 0, 0, 1, 0, 0, 0, 0, 0, 0, 0]"
313,315,-100.0,0.5552380466649534,0.5701767919644449,0.49464752755216773,0.6945553832413817,"[1, 0, 0, 0, 0, 0, 0, 0, 0, 0, 0, 0, 0, 0, 1, 0, 0, 1, 0, 1, 0, 0]"
314,316,-100.0,0.5620699763569792,0.6107280510799433,0.37424906808540953,0.7947502736156253,"[1, 0, 0, 0, 0, 0, 0, 0, 0, 0, 0, 0, 0, 0, 0, 0, 0, 0, 0, 0, 0, 0]"
315,317,-0.6327529080410564,0.49364861346892935,0.574696196035132,0.4719917434066322,0.964112201891946,"[0, 0, 0, 0, 0, 0, 0, 0, 0, 0, 0, 0, 0, 0, 0, 0, 0, 1, 0, 1, 0, 0]"
316,318,0.14815809471253483,0.5337361812431892,0.649475573145909,0.5207907229940478,0.7204249868869197,"[0, 1, 0, 0, 0, 0, 0, 0, 0, 0, 1, 0, 0, 0, 1, 0, 0, 0, 0, 1, 0, 0]"
317,319,-0.04277679215142792,0.46115563795017006,0.6894581175622978,0.40201413965204674,0.7024878130403857,"[0, 1, 0, 0, 0, 0, 0, 0, 0, 0, 1, 0, 0, 0, 0, 0, 0, 0, 0, 0, 0, 0]"
318,320,-100.0,0.5620699763569792,0.7653867664537036,0.5876885671681663,0.9154698227860804,"[0, 0, 0, 0, 0, 0, 0, 0, 0, 0, 0, 0, 0, 0, 1, 0, 0, 1, 0, 1, 0, 0]"
319,321,-100.0,0.5319886906292587,0.3982702038497477,0.10675707816942438,0.7370210082659826,"[1, 1, 0, 0, 1, 0, 0, 0, 0, 0, 1, 0, 0, 0, 0, 0, 0, 1, 0, 0, 0, 1]"
320,322,0.06597919054985227,-100.0,-100.0,-100.0,0.826270002958658,"[0, 1, 0, 0, 0, 0, 0, 0, 0, 0, 1, 0, 0, 0, 1, 0, 0, 0, 0, 1, 0, 0]"
321,323,0.0499295909168406,0.5540201425164321,0.552047189721345,0.42762760717012177,0.6610180896232087,"[0, 1, 0, 0, 0, 0, 0, 0, 0, 0, 0, 0, 0, 0, 1, 0, 0, 0, 0, 0, 0, 0]"
322,324,-0.2663737522557544,0.4969080129171898,0.5885561856555755,0.34391491121375356,0.7105515947449338,"[0, 0, 0, 0, 0, 0, 0, 0, 0, 0, 0, 0, 0, 0, 0, 0, 0, 1, 0, 1, 0, 0]"
323,325,0.24235217717405638,0.5488864717451536,0.7415314497848479,0.5279278582691042,,"[0, 0, 0, 0, 0, 0, 0, 0, 0, 0, 1, 0, 0, 0, 0, 0, 0, 0, 0, 0, 0, 0]"
324,326,-100.0,0.49364861346892935,0.4464343165306279,0.3730457787035976,0.8695041996104707,"[1, 0, 0, 0, 0, 0, 0, 0, 0, 0, 0, 0, 0, 0, 0, 0, 0, 0, 0, 0, 0, 0]"
325,327,-100.0,0.5109912984857242,0.5185470110144903,0.4472789756723052,0.8787040637112508,"[0, 0, 0, 0, 0, 0, 0, 0, 0, 0, 0, 0, 0, 0, 1, 0, 0, 0, 0, 0, 0, 0]"
326,328,-100.0,0.4518627867739223,0.5717889530643886,0.4197787674918806,0.8605180181203209,"[0, 1, 0, 0, 0, 0, 0, 0, 0, 0, 1, 0, 0, 0, 1, 0, 0, 0, 0, 0, 0, 0]"
327,329,0.18344294263129396,0.6099916918563674,0.42514675620404585,0.2737936339965474,0.6997880396464878,"[1, 1, 0, 0, 0, 0, 0, 0, 0, 0, 0, 0, 0, 0, 0, 0, 0, 0, 0, 0, 0, 0]"
328,330,-100.0,0.5319886906292587,0.4566505304592024,0.2878340263089706,0.7742884791442819,"[1, 0, 0, 0, 0, 0, 0, 0, 0, 0, 0, 0, 0, 0, 0, 0, 0, 0, 0, 0, 0, 0]"
329,331,0.19633482806764613,0.5475317134971038,0.7445633157644057,0.43820862734134697,0.7701944374520369,"[0, 1, 0, 0, 0, 0, 0, 0, 0, 0, 1, 0, 0, 0, 0, 0, 0, 0, 0, 0, 0, 0]"
330,332,-0.24288088338477035,-100.0,0.37742818250666477,0.25931192842120615,0.713021137741821,"[0, 1, 0, 0, 1, 0, 1, 1, 0, 0, 0, 1, 0, 0, 0, 0, 0, 1, 1, 0, 0, 0]"
331,333,-100.0,0.5109912984857242,0.5193621922496424,0.4095428559909618,0.7817349773823108,"[1, 0, 0, 0, 0, 0, 0, 0, 0, 0, 1, 0, 0, 0, 0, 0, 0, 0, 0, 0, 0, 0]"
332,334,-100.0,0.5652159529967056,0.78586680418372,0.5088752137233358,0.9044258658202058,"[1, 1, 0, 0, 0, 0, 0, 0, 0, 0, 0, 0, 0, 0, 1, 0, 0, 0, 0, 0, 0, 0]"
333,335,-100.0,0.4716663932749392,0.5072908100163658,0.34652563423464344,0.9055285803103713,"[0, 1, 0, 0, 0, 0, 0, 0, 0, 0, 0, 0, 0, 0, 0, 0, 0, 0, 0, 0, 0, 0]"
334,336,-0.08042604683887859,0.5109912984857242,0.5828512515690251,0.34987437720349357,0.4345456359145812,"[1, 0, 0, 0, 0, 0, 0, 0, 0, 0, 0, 0, 0, 0, 0, 0, 0, 0, 0, 0, 0, 0]"
335,337,-100.0,0.5546321701585212,0.5953244102328433,0.47265993808583884,0.7787766060974789,"[1, 0, 0, 0, 0, 0, 0, 0, 0, 0, 0, 0, 0, 0, 0, 0, 0, 0, 0, 0, 0, 0]"
336,338,-100.0,0.5134522199699463,0.6558626614140164,0.5676222287589642,0.7542157436768745,"[0, 1, 0, 0, 0, 0, 0, 0, 0, 0, 0, 0, 0, 0, 0, 0, 0, 0, 0, 0, 0, 0]"
337,339,0.3743045747276555,0.49364861346892935,0.6646223871552759,0.5030482285885041,0.8780150909628535,"[0, 1, 0, 0, 0, 0, 0, 0, 0, 0, 1, 0, 0, 0, 0, 0, 0, 0, 0, 0, 0, 0]"
338,340,-0.5248572862385963,0.5000001883887292,0.31242401187773977,-100.0,0.8143265061019735,"[1, 0, 0, 0, 0, 0, 0, 0, 0, 0, 1, 0, 0, 0, 0, 0, 0, 0, 0, 0, 0, 0]"
339,341,-0.10210846299693688,-100.0,0.2875887518146662,0.266892695423561,0.624267113339803,"[0, 0, 0, 0, 0, 0, 0, 1, 0, 0, 1, 0, 0, 0, 0, 0, 0, 0, 0, 0, 0, 0]"
340,342,0.023307508109303484,0.5410277131991271,0.5417223241624763,0.36056602654706665,0.8710604354522162,"[0, 1, 0, 0, 0, 0, 0, 0, 0, 0, 1, 0, 0, 0, 0, 0, 0, 0, 0, 0, 0, 0]"
341,343,-100.0,0.5410277131991271,0.4933466573538564,0.3482182068429308,0.8280328468741387,"[0, 1, 0, 0, 0, 0, 0, 0, 0, 0, 1, 0, 0, 0, 0, 0, 0, 0, 0, 0, 0, 0]"
342,344,-0.6327529080410564,0.5109912984857242,0.6741308017853037,0.517887803892412,0.8780150909628535,"[0, 1, 0, 0, 0, 0, 0, 0, 0, 0, 1, 0, 0, 0, 1, 0, 0, 0, 0, 1, 0, 0]"
343,345,0.8777703333201212,0.5417860150837362,0.7958818513411515,0.537671483782756,,"[0, 0, 0, 0, 0, 0, 0, 0, 0, 0, 1, 0, 0, 0, 0, 0, 0, 0, 0, 1, 0, 0]"
344,346,-100.0,0.49364861346892935,0.5838709028897009,0.29141648403574455,0.775199695524161,"[0, 1, 0, 0, 0, 0, 0, 0, 0, 0, 1, 0, 0, 0, 1, 0, 0, 0, 0, 0, 0, 0]"
345,347,0.6680106750136446,0.5993882628700695,0.7738835779649994,0.6889609906745409,0.6987596841868664,"[1, 1, 0, 0, 0, 0, 0, 0, 0, 0, 0, 0, 0, 0, 0, 0, 0, 0, 0, 0, 0, 0]"
346,348,-100.0,0.4582143616937221,0.42874009387941875,0.3190584700168058,0.9173625167107327,"[0, 1, 0, 0, 1, 0, 0, 0, 0, 0, 1, 0, 0, 0, 0, 0, 0, 0, 0, 0, 0, 0]"
347,349,-0.23204681113657985,0.5109912984857242,0.6181364421508886,0.4087841409510584,0.6581509146770177,"[1, 0, 0, 0, 0, 0, 0, 0, 0, 0, 1, 0, 0, 0, 1, 0, 0, 0, 0, 0, 0, 0]"
348,350,0.18927001868772234,0.4953003388443693,0.7222009346287136,0.5962008469822033,0.8470792944957952,"[1, 0, 0, 0, 0, 0, 0, 0, 0, 0, 0, 0, 0, 0, 0, 0, 0, 0, 0, 0, 0, 0]"
349,351,-100.0,0.5134522199699463,0.35882053932187025,0.2414611286735064,0.7561477516340319,"[1, 1, 0, 0, 0, 0, 0, 0, 0, 0, 1, 0, 0, 0, 1, 0, 0, 0, 0, 0, 0, 0]"
350,352,-0.051578820488096415,0.5475317134971038,0.3855349715712639,0.3473765705571267,0.695973321410065,"[1, 0, 0, 0, 0, 0, 0, 0, 0, 0, 0, 0, 0, 0, 0, 0, 0, 1, 0, 0, 0, 0]"
351,353,-100.0,0.5319886906292587,0.7580930374347059,0.6535386240448499,0.841791695911023,"[1, 1, 0, 0, 0, 0, 0, 0, 0, 0, 0, 0, 0, 0, 0, 0, 0, 0, 0, 0, 0, 0]"
352,354,-100.0,0.5440053161845757,0.6568498093733635,0.573678046444026,0.8010548965000451,"[1, 1, 0, 0, 0, 0, 0, 0, 0, 0, 0, 0, 0, 0, 1, 0, 0, 0, 0, 0, 0, 0]"
353,355,-100.0,0.5319886906292587,0.5060154769854582,0.39035100865057154,0.7367708303982362,"[1, 1, 0, 0, 0, 0, 0, 0, 0, 0, 0, 0, 0, 0, 0, 0, 0, 0, 0, 0, 0, 0]"
354,356,-100.0,0.5552380466649534,0.524670733619373,0.3561643169062496,0.8776306043477531,"[0, 0, 0, 0, 0, 0, 0, 0, 0, 0, 1, 0, 0, 0, 0, 0, 0, 0, 0, 1, 0, 0]"
