,Unnamed: 0,id,playtime_forever,price,total_positive_reviews,total_negative_reviews,pur_rel_itv,genres_vec
1,1,1,-0.864799714742056,-100.0,0.2412553703168971,-100.0,0.7355120211929866,"[0, 0, 0, 0, 0, 0, 0, 0, 0, 0, 0, 0, 0, 0, 1, 0, 0, 0, 0, 0, 0, 0]"
3,3,3,0.09028391677607002,0.5546321701585212,0.8503874953433699,0.5748782102721866,0.931463543706072,"[1, 0, 0, 0, 0, 0, 0, 0, 0, 0, 0, 0, 0, 0, 1, 0, 0, 0, 0, 0, 0, 0]"
4,4,4,0.6560604160557847,0.5109912984857242,0.6991959988293244,0.4820438186931833,0.9105441248451768,"[1, 0, 0, 0, 0, 0, 0, 0, 0, 0, 1, 0, 0, 0, 0, 0, 0, 0, 0, 1, 0, 0]"
5,5,6,0.2031709623353467,0.4936486134689294,0.8149082835250852,0.5346082238234376,0.904487395509018,"[1, 0, 0, 0, 0, 0, 0, 0, 0, 0, 1, 0, 0, 0, 0, 0, 0, 0, 0, 0, 0, 0]"
6,6,7,-0.4007060971156947,-100.0,0.26903293977452125,0.08460298279254741,0.7720727762785178,"[0, 0, 0, 0, 0, 0, 0, 0, 0, 0, 0, 0, 0, 0, 0, 0, 0, 1, 0, 0, 0, 0]"
7,7,8,-0.864799714742056,0.5000001883887292,0.5798729474817101,0.28212704891796303,0.8908162195797618,"[0, 1, 0, 0, 0, 0, 0, 0, 0, 0, 0, 0, 0, 0, 1, 0, 0, 0, 0, 0, 0, 0]"
8,8,9,-0.864799714742056,0.5475317134971038,0.29624318255998416,0.18465940586632013,0.5004956870281683,"[1, 1, 0, 0, 0, 0, 0, 0, 0, 0, 0, 0, 0, 0, 0, 0, 0, 0, 0, 0, 0, 0]"
12,12,13,0.6386542087165433,0.4884032017853019,0.7060047242802253,0.5363007964317249,0.4376486646159397,"[1, 1, 0, 0, 0, 0, 0, 0, 0, 0, 1, 0, 0, 0, 1, 0, 0, 0, 0, 0, 0, 0]"
13,13,14,-0.0964756464840916,0.5213511545954019,0.6676973213886259,0.4860600932265789,0.7789526708134878,"[1, 0, 0, 0, 1, 0, 0, 0, 0, 0, 1, 0, 0, 0, 0, 0, 0, 1, 0, 0, 0, 0]"
14,14,15,-0.864799714742056,-100.0,0.3937954936167208,0.26192265144209603,0.940670024753234,"[0, 1, 0, 0, 0, 0, 0, 0, 0, 0, 0, 0, 0, 0, 0, 0, 0, 1, 0, 1, 0, 0]"
15,15,16,0.2521780469405068,0.5319886906292587,0.7678077529681443,0.5515090167213973,0.9044258658202058,"[1, 1, 0, 0, 0, 0, 0, 0, 0, 0, 1, 0, 0, 0, 1, 0, 0, 0, 0, 0, 0, 0]"
19,19,20,-0.37845204773710656,0.5319886906292587,0.5403628659836351,0.42458337864145934,0.940351525529214,"[0, 0, 0, 0, 0, 0, 0, 0, 0, 0, 0, 0, 0, 0, 0, 1, 0, 0, 0, 0, 0, 0]"
20,20,21,0.1014620864624565,0.5475317134971038,0.6953138803055259,0.5763633977812781,0.7988412465957366,"[0, 0, 0, 0, 0, 0, 0, 0, 0, 0, 0, 0, 0, 0, 1, 0, 0, 0, 0, 1, 0, 0]"
22,22,23,-0.6327529080410564,-100.0,0.053333053169274745,-100.0,0.7502553846976171,"[0, 0, 0, 0, 1, 0, 0, 0, 0, 0, 1, 0, 0, 0, 0, 0, 0, 0, 0, 0, 0, 0]"
25,25,26,-0.32303596383623456,0.4408716766769272,0.6553566047948693,0.49223484857551203,0.7387577350484023,"[0, 1, 0, 0, 0, 0, 0, 0, 0, 0, 1, 0, 0, 0, 1, 0, 0, 1, 0, 0, 0, 0]"
28,28,29,0.30395234919234243,0.5319886906292587,0.807918743841759,0.5653100647739364,0.1312401011660893,"[1, 0, 0, 0, 0, 0, 0, 0, 0, 0, 1, 0, 0, 0, 0, 0, 0, 0, 0, 0, 0, 0]"
29,29,30,0.30644217892353165,0.5319886906292587,0.5498964596920514,0.3304037921436884,0.6562005058304465,"[0, 1, 0, 0, 0, 0, 0, 0, 0, 0, 0, 0, 0, 0, 1, 0, 0, 0, 0, 1, 0, 0]"
30,30,31,0.30971694386362336,0.5337361812431892,0.6495917390946992,0.4125051040274485,,"[1, 1, 0, 0, 0, 0, 0, 0, 0, 0, 1, 0, 0, 0, 1, 0, 0, 0, 0, 0, 0, 0]"
31,31,32,0.15671060348287574,0.5337361812431892,0.539327273886255,0.3202712345082732,0.7479970964981382,"[0, 0, 0, 0, 1, 0, 0, 0, 0, 0, 0, 0, 0, 0, 0, 0, 0, 1, 1, 0, 0, 0]"
32,32,33,-0.01837837849489679,0.5043599819736837,0.5803638156940533,0.3994751529694859,,"[0, 0, 0, 0, 0, 0, 0, 0, 0, 0, 1, 0, 0, 0, 0, 0, 0, 1, 0, 0, 0, 0]"
34,34,35,0.22121273824361826,0.552145871193414,0.7498232585324074,0.5471459547301767,0.8901938511713536,"[1, 1, 0, 0, 0, 0, 0, 0, 0, 0, 0, 0, 0, 0, 0, 0, 0, 0, 0, 0, 0, 0]"
35,35,36,0.8527268268530939,0.5705889503469028,0.756605294676009,0.6896298133234534,,"[1, 1, 0, 0, 0, 0, 0, 0, 0, 0, 0, 1, 0, 0, 1, 0, 0, 1, 0, 1, 0, 0]"
37,37,38,0.3184692288105924,0.5109912984857242,0.640240456226103,0.42612053453982657,0.5536642067148949,"[1, 1, 0, 0, 0, 0, 0, 0, 0, 0, 1, 0, 0, 0, 1, 0, 0, 0, 0, 0, 0, 0]"
38,38,39,0.2378339704387511,0.5109912984857242,0.8081007080814891,0.5366638756221076,0.8154983291153656,"[1, 1, 0, 0, 1, 0, 0, 0, 0, 0, 1, 0, 0, 0, 0, 0, 0, 0, 0, 0, 0, 0]"
40,40,41,0.11207829615228028,0.5337361812431892,0.5945144729507451,0.33935683816159673,0.5278742049273084,"[1, 1, 0, 0, 0, 0, 0, 0, 0, 0, 1, 0, 0, 0, 0, 0, 0, 0, 0, 0, 0, 0]"
41,41,42,0.5161738157424118,0.5488864717451536,0.7776379697229553,0.6898085115041024,0.4520588705494928,"[1, 1, 0, 0, 0, 0, 0, 0, 0, 0, 0, 0, 0, 0, 1, 0, 0, 0, 0, 0, 0, 0]"
42,42,43,0.3953585175710516,0.512234315821425,0.6515563564106472,0.5259552692168832,0.5699054518181589,"[0, 1, 0, 0, 0, 0, 0, 0, 0, 0, 1, 0, 0, 0, 0, 0, 1, 0, 0, 1, 0, 1]"
43,43,44,-0.026202166037279786,0.5134522199699463,0.7477029446797838,0.5710812252109936,0.9320510525370748,"[1, 1, 0, 0, 0, 0, 0, 0, 0, 0, 0, 0, 0, 0, 0, 0, 0, 0, 0, 0, 0, 0]"
44,44,45,-0.1609777809827966,0.4919503545481821,0.3311691065012208,0.13798152187725962,0.591178303173088,"[0, 1, 0, 0, 0, 0, 0, 0, 0, 0, 1, 0, 0, 0, 0, 0, 0, 0, 0, 0, 0, 0]"
48,48,49,-0.19353719633851327,-100.0,0.20305786249239807,0.10675707816942437,0.7631768311876886,"[0, 0, 0, 0, 1, 0, 0, 1, 0, 0, 0, 1, 0, 0, 0, 0, 0, 1, 0, 0, 0, 0]"
49,49,50,-0.24288088338477035,0.4611556379501701,0.6120359012301545,0.4782718133299929,0.7099261488754548,"[1, 0, 0, 0, 0, 0, 1, 0, 0, 0, 0, 0, 0, 0, 0, 0, 0, 0, 0, 0, 0, 0]"
52,52,53,0.14463771132162806,0.5244433300669413,0.652997584773941,0.3799986742921347,-100.0,"[0, 1, 0, 0, 1, 0, 0, 0, 0, 0, 1, 0, 0, 0, 0, 0, 0, 0, 0, 0, 0, 0]"
53,53,54,0.5655557082696299,0.5835718417787433,0.8140817330359003,0.6194093642129451,0.7637776365858079,"[1, 1, 0, 0, 0, 0, 0, 0, 0, 0, 0, 0, 0, 0, 0, 0, 0, 0, 0, 0, 0, 0]"
54,54,55,-0.3399424335726943,0.5552380466649534,0.5828512515690251,0.5179801961693943,0.8371271858077906,"[1, 0, 0, 0, 0, 0, 0, 0, 0, 0, 0, 0, 0, 0, 1, 0, 0, 1, 0, 0, 0, 0]"
55,55,56,0.2892605066898707,0.5328687676456215,0.4845205687794432,0.3482182068429308,0.9890613932997698,"[0, 1, 0, 0, 0, 0, 0, 0, 0, 0, 0, 0, 0, 0, 1, 0, 0, 0, 0, 0, 0, 0]"
57,57,58,0.2511085858508705,0.5945629518757384,0.7110307521933804,0.5570964149678381,0.830114485206403,"[1, 1, 0, 0, 0, 0, 0, 0, 0, 0, 0, 0, 0, 0, 1, 0, 0, 0, 0, 0, 0, 0]"
59,59,60,-0.21191557471820013,-100.0,0.36575706504701455,0.0,0.7445275431937071,"[1, 1, 0, 0, 1, 0, 1, 1, 0, 0, 0, 1, 0, 0, 0, 0, 0, 0, 1, 0, 0, 0]"
60,60,61,-0.03022548961158565,0.4221742334120826,0.3054874861525954,0.26926238865886754,0.7466213436171425,"[1, 0, 0, 0, 0, 0, 0, 0, 0, 0, 1, 0, 0, 0, 1, 0, 0, 0, 0, 1, 0, 0]"
66,66,67,-0.1199685146488355,-100.0,0.26422241523288803,-100.0,0.7509246295190608,"[0, 1, 0, 0, 0, 0, 0, 0, 0, 0, 1, 0, 0, 0, 0, 0, 0, 1, 0, 0, 0, 0]"
67,67,68,0.10362844495343594,0.5223996019775226,0.7652946650669642,0.5605727266355911,,"[0, 0, 0, 0, 0, 0, 0, 0, 0, 0, 1, 0, 0, 0, 0, 0, 0, 1, 0, 0, 0, 0]"
68,68,69,0.020131236015145087,0.5109912984857242,0.5256732667771824,0.33935683816159673,0.7991387807176359,"[1, 1, 0, 0, 0, 0, 0, 0, 0, 0, 1, 0, 0, 0, 0, 0, 0, 0, 0, 0, 0, 0]"
70,70,71,-0.1609777809827966,0.5488864717451536,0.7264750942154086,0.5611019998779492,0.5278742049273084,"[1, 0, 0, 0, 0, 0, 0, 0, 0, 0, 1, 0, 0, 0, 1, 0, 0, 1, 0, 1, 0, 0]"
71,71,72,0.020131236015145087,0.4936486134689294,0.7034783140797575,0.5296927240308471,0.7493571858181344,"[0, 1, 0, 0, 0, 0, 0, 0, 0, 0, 1, 0, 0, 0, 0, 0, 0, 0, 0, 1, 0, 0]"
73,73,74,-0.4255840077919203,0.4936486134689294,0.7991790267881433,0.5723678009003799,0.8829039650254639,"[1, 1, 0, 0, 0, 0, 0, 0, 0, 0, 1, 0, 0, 0, 0, 0, 0, 0, 0, 0, 0, 0]"
75,75,77,0.2366891540791265,0.4740307827850482,0.4932202097800856,0.40685399095055386,0.8013469746117774,"[0, 1, 0, 0, 0, 0, 0, 0, 0, 0, 1, 0, 0, 0, 0, 0, 0, 0, 0, 0, 0, 0]"
77,77,79,0.1299383478142529,0.4936486134689294,0.7964470238940284,0.5555247491188027,0.9129177698938168,"[1, 0, 0, 0, 0, 0, 0, 0, 0, 0, 0, 0, 0, 0, 0, 0, 0, 0, 0, 0, 0, 0]"
79,79,81,-0.6327529080410564,0.4865481568075121,0.6263429956785053,0.37831841228312657,0.9041177410989856,"[0, 0, 0, 0, 0, 0, 0, 0, 0, 0, 0, 0, 0, 0, 0, 0, 0, 1, 0, 1, 0, 0]"
80,80,82,0.3754979005794804,0.5319886906292587,0.7180644831506985,0.4771816784921776,0.8514734923612762,"[1, 1, 0, 0, 0, 0, 0, 0, 0, 0, 1, 0, 0, 0, 0, 0, 0, 0, 0, 0, 0, 0]"
81,81,83,0.39098078347251775,0.552145871193414,0.5563993118640936,0.4594467175675117,0.7034847024543346,"[0, 0, 0, 0, 0, 0, 0, 0, 0, 0, 0, 0, 0, 0, 1, 0, 0, 0, 0, 0, 0, 0]"
83,83,85,-0.4255840077919203,-100.0,0.4281527373530012,0.29970500886342194,0.7834415762377508,"[0, 0, 0, 0, 0, 0, 0, 1, 0, 0, 1, 1, 0, 0, 0, 0, 0, 0, 0, 0, 0, 0]"
84,84,86,-0.4537882549985485,0.38563381840070293,0.6712445511996099,0.3964031634622865,0.7276671974305416,"[0, 0, 0, 0, 1, 0, 0, 0, 0, 0, 1, 0, 0, 0, 0, 0, 0, 0, 0, 0, 0, 0]"
87,87,89,0.2378339704387511,0.5865131180351913,0.7380397273481,0.6166133109381127,0.7759236970626221,"[1, 1, 0, 0, 0, 0, 0, 0, 0, 0, 0, 0, 0, 0, 0, 0, 0, 0, 0, 0, 0, 0]"
88,88,90,0.7370269514518304,0.5546321701585212,0.8569118845180608,0.7864353173708353,0.7922581907892979,"[0, 0, 0, 0, 0, 0, 0, 0, 0, 0, 0, 0, 0, 0, 1, 0, 0, 0, 0, 0, 0, 0]"
89,89,91,-0.4863476708068754,0.6212657320299668,0.5016049097180011,0.39773476356138376,0.8026525601555501,"[1, 0, 0, 0, 0, 0, 0, 0, 0, 0, 0, 0, 0, 0, 0, 0, 0, 0, 0, 0, 0, 0]"
92,92,94,-0.168659286190333,0.4953003388443693,0.8969230707704876,0.5706630760191262,0.91101099359061,"[1, 1, 0, 0, 0, 0, 0, 0, 0, 0, 0, 0, 0, 0, 0, 0, 0, 0, 0, 0, 0, 0]"
93,93,95,0.09028391677607002,0.5620699763569792,0.6186091755037801,0.483934596198337,0.7114836662212817,"[1, 1, 0, 0, 0, 0, 0, 0, 0, 0, 1, 0, 0, 0, 0, 0, 0, 0, 0, 0, 0, 0]"
98,98,100,-0.047131959104332224,0.4936486134689294,0.9759287765425392,0.7383689045969463,0.9904772754009964,"[0, 0, 0, 0, 0, 0, 0, 0, 0, 0, 1, 0, 0, 0, 0, 0, 0, 1, 0, 0, 0, 0]"
99,99,101,-0.4863476708068754,0.5319886906292587,0.5582150056503851,0.4117751558738069,0.5307186223579402,"[0, 1, 0, 0, 0, 0, 0, 0, 0, 0, 1, 0, 0, 0, 0, 0, 0, 0, 0, 0, 0, 0]"
100,100,102,0.2174742670258761,0.4936486134689294,0.5326512825714489,0.3498743772034936,0.9780206212964194,"[1, 1, 0, 0, 0, 0, 0, 0, 0, 0, 0, 0, 0, 0, 1, 0, 0, 0, 0, 0, 0, 0]"
102,102,104,-0.14640523723418106,0.4806137752825154,0.8044679473456144,0.560784872647518,0.8841502592991913,"[0, 0, 0, 0, 0, 0, 0, 0, 0, 0, 1, 0, 0, 0, 0, 0, 0, 1, 0, 1, 0, 0]"
105,105,107,-0.7183944838444182,-100.0,-100.0,-100.0,0.7421572295536256,"[0, 0, 0, 1, 0, 0, 0, 0, 0, 0, 1, 0, 0, 0, 0, 0, 0, 0, 0, 0, 0, 0]"
107,107,109,0.10999731267938137,0.5337361812431892,0.6192759971851544,0.4919764290255374,0.7456952933348641,"[1, 0, 0, 0, 0, 0, 0, 0, 0, 0, 1, 0, 0, 0, 0, 0, 0, 0, 0, 1, 0, 0]"
109,109,111,-0.2928104744683621,0.5319886906292587,0.7008916696991679,0.5040505284678901,0.8673412177531649,"[0, 0, 0, 0, 0, 0, 0, 0, 0, 0, 0, 0, 0, 0, 1, 0, 0, 0, 0, 0, 0, 0]"
110,110,112,-0.5248572862385963,-100.0,0.08453088932226809,0.053378539084712184,0.829539881461772,"[1, 0, 0, 0, 1, 0, 0, 1, 0, 0, 1, 0, 0, 0, 0, 0, 0, 0, 0, 0, 0, 0]"
111,111,113,0.11820098889602727,0.5319886906292587,0.5715607021366285,0.4604277366128641,0.8729175714877873,"[0, 0, 0, 0, 0, 0, 0, 0, 0, 0, 0, 0, 0, 0, 1, 0, 0, 0, 0, 0, 0, 0]"
113,113,115,-0.3399424335726943,0.5546321701585212,0.7061241211872169,0.4974704825646718,0.9723715080140984,"[1, 0, 0, 0, 0, 0, 0, 0, 0, 0, 0, 0, 0, 0, 1, 0, 0, 0, 0, 0, 0, 0]"
116,116,118,0.07356868161513022,0.4221742334120826,0.5558965950253888,0.3473765705571267,0.8009085892090222,"[0, 1, 0, 0, 0, 0, 0, 0, 0, 0, 1, 0, 0, 0, 0, 0, 0, 0, 0, 0, 0, 0]"
117,117,119,0.19633482806764613,0.5746545943406286,0.6255084855903161,0.5058008073011538,,"[0, 0, 0, 0, 0, 0, 0, 0, 0, 0, 0, 0, 0, 0, 1, 0, 0, 0, 0, 0, 0, 0]"
118,118,120,0.17592549051316764,0.5319886906292587,0.4468978319764822,0.244738600046684,0.7627746089619482,"[0, 0, 0, 0, 0, 1, 0, 0, 0, 1, 0, 0, 0, 0, 0, 0, 0, 0, 0, 0, 0, 0]"
120,120,122,-0.14640523723418106,0.5337361812431892,0.6926599172755566,0.519443593243375,0.5401723578233714,"[0, 0, 0, 0, 0, 0, 0, 0, 0, 0, 1, 0, 0, 0, 0, 0, 0, 1, 0, 0, 0, 0]"
121,121,123,-0.13277353292752425,0.5454407222104759,0.6948272152115168,0.5324961906633969,0.85290302543359,"[0, 0, 0, 0, 0, 0, 0, 0, 0, 0, 1, 0, 0, 0, 1, 0, 0, 0, 0, 1, 0, 0]"
124,124,126,-0.4255840077919203,-100.0,0.13786394249154282,0.053378539084712184,0.6210118740998807,"[1, 0, 0, 0, 0, 0, 1, 1, 0, 0, 0, 0, 0, 0, 0, 0, 0, 0, 0, 0, 0, 0]"
128,128,130,0.07106902979169502,0.5812677063515638,0.5895034166594206,0.4472789756723052,0.7362688973564928,"[0, 0, 0, 0, 0, 0, 0, 0, 0, 0, 0, 0, 0, 0, 0, 1, 0, 0, 0, 0, 0, 0]"
129,129,131,-0.864799714742056,0.5319886906292587,0.6104527615865594,0.4704667637994798,0.8095207676129581,"[0, 0, 0, 0, 0, 0, 0, 0, 0, 0, 1, 0, 0, 0, 0, 0, 0, 0, 0, 1, 0, 0]"
130,130,132,-0.0964756464840916,0.5319886906292587,0.7131213721533278,0.5228116101338943,0.8345039904555422,"[1, 0, 0, 0, 0, 0, 0, 0, 0, 0, 0, 0, 0, 0, 0, 0, 0, 0, 0, 0, 0, 0]"
131,131,133,0.8236688833831545,0.6230535330465709,0.8417336454589428,0.7637506422067354,0.1312401011660893,"[1, 0, 0, 0, 0, 0, 0, 0, 0, 0, 0, 0, 0, 0, 0, 0, 0, 0, 0, 0, 0, 0]"
134,134,136,-0.034326941081900784,0.5475317134971038,0.582693175845582,0.6152937904526689,0.8689257002320572,"[1, 0, 0, 0, 0, 0, 0, 0, 0, 0, 0, 0, 0, 0, 0, 0, 0, 1, 0, 0, 0, 0]"
136,136,138,-0.07533620744248601,0.5620699763569792,0.6935454159253439,0.559179346385866,0.7701944374520369,"[1, 0, 0, 0, 0, 0, 0, 0, 0, 0, 0, 0, 0, 0, 0, 0, 0, 0, 0, 0, 0, 0]"
140,140,142,-0.14640523723418106,0.402976503417498,0.7032392186172476,0.5456133876602242,0.7127152223680163,"[0, 0, 0, 0, 1, 0, 0, 0, 0, 0, 1, 0, 0, 0, 1, 0, 0, 1, 0, 0, 0, 0]"
141,141,143,0.30395234919234243,0.4953003388443693,0.6607051383014055,0.46178050082146,0.6661022564029959,"[0, 1, 0, 0, 0, 0, 0, 0, 0, 0, 1, 0, 0, 0, 0, 0, 0, 0, 0, 0, 0, 0]"
147,147,149,0.14105765768953796,0.5488864717451536,0.8201840618092646,0.5020327111872706,0.7611520388466918,"[0, 0, 0, 0, 1, 0, 1, 0, 0, 0, 1, 0, 0, 0, 0, 0, 0, 1, 0, 1, 0, 0]"
149,149,151,0.10999731267938137,0.4902028639342517,0.4819267277251125,0.34212392459382635,0.7235427409982429,"[0, 1, 0, 0, 0, 0, 0, 0, 0, 0, 1, 0, 0, 0, 0, 0, 0, 0, 0, 0, 0, 0]"
151,151,153,-0.37845204773710656,0.5475317134971038,0.6286195262706128,0.5387366315190985,0.8419994522906709,"[1, 0, 0, 0, 0, 0, 0, 0, 0, 0, 0, 0, 0, 0, 1, 0, 0, 1, 0, 0, 0, 0]"
152,152,154,-0.007160621588608136,0.5546321701585212,0.5974108001124605,0.4282222738596764,0.8379889380618953,"[0, 0, 0, 0, 0, 0, 0, 0, 0, 0, 1, 0, 0, 0, 1, 0, 0, 0, 0, 1, 0, 0]"
153,153,155,-0.4863476708068754,0.4865481568075121,0.5141436957483779,0.30428114429484004,0.8493454056876976,"[1, 1, 0, 0, 1, 0, 0, 0, 0, 0, 1, 0, 0, 0, 1, 0, 0, 0, 0, 1, 0, 0]"
155,155,157,-0.3399424335726943,-100.0,0.5731891932165619,0.44176743003687136,0.6624262774993109,"[1, 1, 0, 0, 1, 0, 0, 1, 0, 0, 1, 1, 0, 0, 1, 0, 0, 1, 0, 0, 0, 0]"
156,156,158,0.2478673236313124,0.5319886906292587,0.7193342930696232,0.5383832167013518,0.8598942052762093,"[1, 0, 0, 0, 0, 0, 0, 0, 0, 0, 0, 0, 0, 0, 1, 0, 0, 0, 0, 0, 0, 0]"
158,158,160,0.537938225273727,0.5319886906292587,0.7812685951603932,0.6718546008469739,0.8275652928988573,"[1, 0, 0, 0, 0, 0, 0, 0, 0, 0, 0, 0, 0, 0, 0, 0, 0, 0, 0, 0, 0, 0]"
159,159,161,0.4863476708068754,0.5828135398941342,0.7167179404869575,0.5767087299905852,0.6739815878605018,"[1, 1, 0, 0, 0, 0, 0, 0, 0, 0, 0, 0, 0, 0, 0, 0, 0, 0, 0, 0, 0, 0]"
161,161,163,0.8316429642972223,0.4936486134689294,0.9469547043002504,0.6750788449117502,0.9196057039475896,"[1, 1, 0, 0, 0, 0, 0, 0, 0, 0, 1, 0, 0, 0, 1, 0, 0, 0, 0, 0, 0, 0]"
165,165,167,0.6793208664890634,-100.0,0.5128799107901925,0.3412125653936828,0.5786860477093655,"[0, 1, 0, 0, 1, 0, 0, 1, 0, 0, 1, 0, 0, 0, 1, 0, 0, 1, 0, 1, 0, 0]"
166,166,168,0.1202030713164587,0.5686900782461705,0.7027172298739475,0.5417108538920896,0.5348621552369067,"[1, 1, 0, 0, 0, 0, 0, 0, 0, 0, 0, 0, 0, 0, 1, 0, 0, 0, 0, 0, 0, 0]"
167,167,169,-0.14640523723418106,0.5868708888476057,0.5649280743618771,0.4968655387340484,0.6916679946274851,"[0, 0, 0, 0, 0, 0, 0, 0, 0, 0, 0, 0, 0, 0, 1, 0, 0, 0, 0, 1, 0, 0]"
168,168,170,0.19353719633851327,0.4740307827850482,0.6427458949726532,0.42672690738637375,0.1922632730646628,"[0, 0, 0, 0, 1, 0, 0, 0, 0, 0, 1, 0, 0, 0, 0, 0, 0, 0, 0, 1, 0, 0]"
171,171,173,0.11820098889602727,0.5134522199699463,0.7507506486980224,0.4696063196118536,0.8796922835029308,"[0, 1, 0, 0, 0, 0, 0, 0, 0, 0, 0, 0, 0, 0, 0, 0, 0, 0, 0, 0, 0, 0]"
175,175,177,-0.5248572862385963,0.4936486134689294,0.510085293268301,0.40606817848279947,0.78678332947492,"[0, 0, 0, 0, 0, 0, 0, 0, 0, 0, 1, 0, 0, 0, 1, 0, 0, 0, 0, 0, 0, 0]"
177,177,179,-0.6327529080410564,0.5475317134971038,0.5924863651199683,0.4746304239350455,0.5657857370806705,"[0, 1, 0, 0, 0, 0, 0, 0, 0, 0, 1, 0, 0, 0, 0, 0, 0, 0, 0, 0, 0, 0]"
179,179,181,-0.23204681113657985,0.5213511545954019,0.48029745290468295,0.41605453196447,,"[0, 0, 0, 0, 0, 0, 0, 0, 0, 0, 1, 0, 0, 0, 0, 0, 0, 1, 0, 1, 0, 0]"
181,181,183,0.5638552657209607,0.5180917551471416,0.6476777107093933,0.4754368077809448,0.5022921101767188,"[1, 1, 0, 0, 0, 0, 0, 0, 0, 0, 1, 0, 0, 0, 0, 0, 0, 0, 0, 0, 0, 0]"
183,183,185,-0.038509614671335686,0.5696469904799882,0.9432911206354754,0.6556224030615178,0.8622825980357927,"[0, 0, 0, 0, 0, 0, 0, 0, 0, 0, 0, 0, 0, 0, 1, 0, 0, 0, 0, 0, 0, 0]"
184,184,186,0.30395234919234243,0.5109912984857242,0.5021702563563765,0.2801267038900849,0.8143265061019735,"[0, 1, 0, 0, 0, 0, 0, 0, 0, 0, 1, 0, 0, 0, 0, 0, 0, 0, 0, 0, 0, 0]"
185,185,187,-0.7183944838444182,0.5546321701585212,0.6634956968148871,0.4644167615489767,0.9476419669683924,"[0, 0, 0, 0, 0, 0, 0, 0, 0, 0, 0, 0, 0, 0, 1, 0, 0, 0, 0, 0, 0, 0]"
187,187,189,-0.10789562264733264,0.5109912984857242,0.5558405343079196,0.3260641114660538,0.7625729888496358,"[1, 1, 0, 0, 0, 0, 0, 0, 0, 0, 1, 0, 0, 0, 1, 0, 0, 0, 0, 0, 0, 0]"
188,188,190,-0.003549967832190915,0.5872265489054829,0.7981541357788549,0.5363007964317249,0.8899161987786396,"[1, 1, 0, 0, 0, 0, 0, 0, 0, 0, 0, 0, 0, 0, 0, 0, 0, 0, 0, 0, 0, 0]"
189,189,191,-0.3399424335726943,0.4408716766769272,0.6109749723051908,0.4773383600388563,0.8213144564115717,"[0, 1, 0, 0, 1, 0, 0, 0, 0, 0, 1, 0, 0, 0, 0, 0, 0, 0, 0, 0, 0, 0]"
190,190,192,0.3893154546639812,0.5993882628700695,0.6948087900841962,0.6021510634590953,0.8232728590943469,"[1, 1, 0, 0, 0, 0, 0, 0, 0, 0, 0, 0, 0, 0, 0, 0, 0, 0, 0, 0, 0, 0]"
193,193,195,0.15838032058861176,0.4919503545481821,0.7985451563714618,0.6603582976902251,0.7688618033655952,"[0, 1, 0, 0, 0, 0, 0, 0, 0, 0, 1, 0, 0, 0, 0, 0, 0, 0, 0, 0, 0, 0]"
194,194,196,0.20451203415015848,0.5475317134971038,0.9562547613114863,0.8336758841271283,0.7911513407566542,"[1, 0, 0, 0, 0, 0, 0, 0, 0, 0, 0, 0, 0, 0, 0, 0, 0, 0, 0, 0, 0, 0]"
195,195,197,0.956532691503812,0.5724298324666568,0.8286116888803272,0.6021510634590953,0.5249604046643572,"[0, 1, 0, 0, 0, 0, 0, 0, 0, 0, 0, 0, 0, 0, 1, 0, 0, 0, 0, 1, 0, 0]"
200,200,202,0.03255941526519466,0.5134522199699463,0.5456622632174796,0.43820862734134697,0.718980472451867,"[1, 1, 0, 0, 0, 0, 0, 0, 0, 0, 1, 0, 0, 0, 0, 0, 0, 0, 0, 0, 0, 0]"
201,201,203,0.04713195910433224,0.5109912984857242,0.6392794764523095,0.4873077903353961,0.6571796907241596,"[0, 0, 0, 0, 0, 0, 0, 0, 0, 0, 1, 0, 0, 0, 0, 0, 0, 1, 0, 1, 0, 0]"
202,202,204,0.07106902979169502,0.5417860150837362,0.8222495035432181,0.6414024954027265,0.5928608646245155,"[0, 1, 0, 0, 0, 0, 0, 0, 0, 0, 1, 0, 0, 0, 0, 0, 0, 1, 0, 1, 0, 0]"
203,203,205,-0.864799714742056,-100.0,0.6082993822619678,0.4470473696221576,0.8073212138618537,"[1, 0, 0, 0, 0, 0, 0, 1, 0, 0, 0, 0, 0, 0, 0, 0, 0, 0, 0, 0, 0, 0]"
204,204,206,-0.24288088338477035,0.5244433300669413,0.6811095064002047,0.4973498733722385,0.7609476591763297,"[1, 0, 0, 0, 0, 0, 0, 0, 1, 0, 1, 0, 0, 0, 1, 0, 0, 0, 0, 0, 0, 1]"
206,206,208,0.422748822282615,0.5488864717451536,0.7919093561928826,0.6548143920997448,,"[0, 1, 0, 0, 0, 0, 0, 0, 0, 0, 1, 0, 0, 0, 0, 0, 0, 0, 0, 0, 0, 0]"
207,207,209,0.20979276196920985,0.5337361812431892,0.8880783362741932,0.6926222481194171,,"[1, 1, 0, 0, 0, 0, 0, 0, 0, 0, 1, 0, 0, 0, 0, 0, 0, 1, 0, 0, 0, 0]"
210,210,212,0.3022760061555212,0.5319886906292587,0.7282851831312576,0.5313404568108837,0.6571796907241596,"[1, 1, 0, 0, 1, 0, 0, 0, 0, 0, 1, 0, 0, 0, 0, 0, 0, 1, 0, 0, 0, 0]"
211,211,213,0.5161738157424118,0.4953003388443693,0.9365581065674644,0.8037352120893975,0.8427237673873709,"[1, 0, 0, 0, 0, 0, 0, 0, 0, 0, 0, 0, 0, 0, 1, 0, 0, 0, 0, 0, 0, 0]"
212,212,214,0.3887574144082375,0.5652159529967056,0.6895173579075746,0.6035314640576034,0.7866184434747084,"[1, 0, 0, 0, 0, 0, 0, 0, 0, 0, 0, 0, 0, 0, 0, 0, 0, 0, 1, 0, 0, 0]"
214,214,216,-0.4007060971156947,0.5000001883887292,0.3982702038497477,0.30278577782153737,0.8213144564115717,"[0, 0, 0, 0, 0, 0, 0, 0, 0, 0, 0, 0, 0, 0, 1, 0, 0, 0, 0, 1, 0, 0]"
216,216,218,0.4838689721642413,0.5328687676456215,0.7985427635201198,0.7031666329427374,0.5427414866944126,"[0, 0, 0, 0, 0, 0, 0, 0, 0, 0, 0, 1, 0, 0, 1, 0, 0, 0, 0, 0, 0, 0]"
217,217,219,-0.18491485165205496,0.4740307827850482,0.6537553422121427,0.5584184895608774,0.8726769674020446,"[1, 0, 0, 0, 0, 0, 0, 0, 0, 0, 1, 0, 0, 0, 0, 0, 0, 0, 0, 0, 0, 0]"
218,218,220,0.4795509047143056,1.0,0.8659859582613411,0.6263590562711551,0.8866759324083171,"[1, 1, 0, 0, 0, 0, 0, 0, 0, 0, 0, 0, 0, 0, 0, 0, 0, 0, 0, 0, 0, 0]"
219,219,221,0.7319161480585064,0.5134522199699463,0.5700836402202311,0.4578506199436434,0.7438213743106226,"[0, 0, 0, 0, 0, 0, 0, 0, 0, 0, 1, 0, 0, 0, 1, 0, 0, 0, 0, 0, 0, 0]"
220,220,222,0.4260528600955418,0.5923240238156006,0.5787985333461769,0.4980707112746418,0.7742884791442819,"[1, 1, 0, 0, 0, 0, 0, 0, 0, 0, 0, 0, 0, 0, 0, 0, 0, 0, 0, 0, 0, 0]"
223,223,225,0.23438073641417415,-100.0,0.8748200485926145,0.6075012659278559,0.7643754354389131,"[1, 1, 0, 0, 0, 0, 0, 0, 0, 0, 0, 0, 0, 0, 0, 0, 0, 0, 0, 0, 0, 0]"
224,224,226,0.3298481799097865,0.5746545943406286,0.9051286663058092,0.837824634892163,0.7750180074462666,"[1, 1, 0, 0, 0, 0, 0, 0, 0, 0, 1, 1, 0, 0, 1, 0, 0, 0, 0, 0, 0, 0]"
225,225,227,0.16653647324932613,0.5488864717451536,0.6527433314857589,0.5133173283177007,0.7001288669481183,"[0, 1, 0, 0, 0, 0, 0, 0, 0, 0, 0, 0, 0, 0, 1, 0, 0, 0, 0, 0, 0, 0]"
226,226,228,0.35619799920339085,0.5620699763569792,0.7034947760676942,0.5392987431654173,0.7661510899205713,"[0, 1, 0, 0, 0, 0, 0, 0, 0, 0, 1, 0, 0, 0, 1, 0, 0, 0, 0, 1, 0, 0]"
227,227,229,-0.5248572862385963,0.5319886906292587,0.5410455974490741,0.4350215951490013,0.9051621386482268,"[1, 0, 0, 0, 0, 0, 0, 0, 0, 0, 1, 0, 0, 0, 0, 0, 0, 0, 0, 1, 0, 0]"
228,228,230,0.3413458813116836,0.4936486134689294,0.7252938829136937,0.5541515961794247,0.922972499345174,"[1, 0, 0, 0, 0, 0, 0, 0, 0, 0, 0, 0, 0, 0, 1, 0, 0, 0, 0, 0, 0, 0]"
229,229,231,-0.2928104744683621,0.552145871193414,0.7224136189316296,0.586103809600607,0.9210602504322832,"[0, 1, 0, 0, 0, 0, 0, 0, 0, 0, 0, 0, 0, 0, 0, 0, 0, 0, 0, 1, 0, 0]"
231,231,233,-0.864799714742056,0.5696469904799882,0.8571747859095374,0.6625789683139682,0.8445663728878277,"[1, 0, 0, 0, 0, 0, 0, 0, 0, 0, 0, 0, 0, 0, 1, 0, 0, 0, 0, 0, 0, 0]"
232,232,234,0.35554508333897195,-100.0,0.3332210502722613,0.1239411295648364,0.6916679946274851,"[1, 1, 0, 0, 0, 0, 0, 1, 0, 0, 0, 0, 0, 0, 1, 0, 0, 1, 0, 0, 0, 0]"
234,234,236,0.7111124354328011,-100.0,0.6200101948486554,0.5702894721153288,0.7011455529842481,"[1, 1, 0, 0, 0, 0, 0, 0, 0, 0, 1, 0, 0, 0, 1, 0, 0, 1, 0, 0, 0, 0]"
236,236,238,-0.09098915323582378,0.5319886906292587,0.7701341157363248,0.6079331736984204,0.8666677282275631,"[0, 0, 0, 0, 0, 0, 0, 0, 0, 0, 1, 0, 0, 0, 0, 0, 0, 1, 0, 1, 0, 0]"
238,238,240,-0.32303596383623456,0.5552380466649534,0.5428592736909561,0.3693188117326403,0.8437509438637435,"[0, 1, 0, 0, 0, 0, 0, 0, 0, 0, 1, 0, 0, 0, 0, 0, 0, 0, 0, 0, 0, 0]"
242,242,244,0.4644844047816922,0.5234301263016986,0.7226321350545227,0.5085628037466916,0.9614691762020824,"[0, 0, 0, 0, 0, 0, 0, 0, 0, 0, 0, 0, 0, 0, 1, 0, 0, 0, 0, 0, 0, 0]"
243,243,245,-0.2928104744683621,0.6146672283514151,0.6745035841462853,0.4682092934788791,0.7428732749833186,"[1, 0, 0, 0, 0, 0, 0, 0, 0, 0, 0, 0, 0, 0, 1, 0, 0, 0, 0, 0, 0, 0]"
247,247,249,-0.37845204773710656,0.4902028639342517,0.2875887518146662,0.31269046750591833,0.6764966257692479,"[1, 1, 0, 0, 1, 0, 0, 0, 0, 0, 0, 0, 0, 0, 0, 0, 0, 0, 0, 0, 0, 0]"
248,248,250,0.34481423693506746,0.4551221862221827,0.8723486924429408,0.5905838438433136,0.6274359964464611,"[0, 0, 1, 0, 0, 1, 0, 0, 0, 1, 0, 0, 1, 0, 0, 0, 0, 0, 0, 0, 1, 0]"
249,249,251,0.3200223101285656,0.5319886906292587,0.6721898739828205,0.4946475275521677,0.7651678754139929,"[1, 0, 0, 0, 0, 0, 0, 0, 0, 0, 1, 0, 0, 0, 1, 0, 0, 0, 0, 0, 0, 0]"
250,250,252,0.2401051548373481,0.5097221104506968,0.3973958384028444,0.2478822591296728,0.6448639127431278,"[1, 1, 0, 0, 1, 0, 0, 0, 0, 0, 1, 0, 0, 0, 0, 0, 0, 0, 0, 0, 0, 0]"
253,253,255,-0.18491485165205496,0.5109912984857242,0.7354596634016414,0.4840781357620333,0.7461592158137949,"[1, 0, 0, 0, 0, 0, 0, 0, 0, 0, 1, 0, 0, 0, 1, 0, 0, 0, 0, 0, 0, 0]"
255,255,257,-0.864799714742056,0.5234301263016986,0.5234843591924346,0.4543449217085248,0.7224184043391773,"[1, 0, 0, 0, 0, 0, 0, 0, 0, 0, 1, 0, 0, 0, 1, 0, 0, 0, 0, 0, 0, 0]"
256,256,258,0.21109256984920446,0.5319886906292587,0.6074151303535739,0.4642314210175696,0.8465809212732217,"[0, 0, 0, 0, 0, 0, 0, 0, 0, 0, 0, 0, 0, 0, 1, 0, 0, 0, 0, 1, 0, 0]"
257,257,259,-0.7183944838444182,0.5475317134971038,0.6111664758064511,0.4255093491600468,0.8861750516401881,"[1, 1, 0, 0, 0, 0, 0, 0, 0, 0, 0, 0, 0, 0, 0, 0, 0, 0, 0, 0, 0, 0]"
258,258,260,0.2434667872220037,0.4969080129171898,0.6203989210626372,0.4477401085090367,0.8723554062706337,"[0, 1, 0, 0, 0, 0, 0, 0, 0, 0, 1, 0, 0, 0, 0, 0, 0, 0, 0, 0, 0, 0]"
261,261,263,0.003491287982343341,0.5967216962613378,0.7927601693212037,0.7286252902070048,0.8052216890265912,"[0, 0, 0, 0, 0, 0, 0, 0, 0, 0, 0, 0, 0, 0, 0, 0, 0, 0, 0, 1, 0, 0]"
263,263,265,-0.4863476708068754,0.4936486134689294,0.7456273304497003,0.5407550567371443,0.8590873436769639,"[1, 0, 0, 0, 0, 0, 0, 0, 0, 0, 1, 0, 0, 0, 1, 0, 0, 0, 0, 0, 0, 0]"
264,264,266,0.34481423693506746,-100.0,0.3163043297572444,0.14985250443171094,0.3517423512271673,"[1, 0, 0, 0, 0, 0, 0, 1, 0, 0, 1, 0, 0, 0, 0, 0, 0, 0, 0, 0, 0, 0]"
265,265,267,-0.4255840077919203,0.5475317134971038,0.5538522238951492,0.4580519506560364,0.7235427409982429,"[0, 1, 0, 0, 0, 0, 0, 0, 0, 0, 1, 0, 0, 0, 0, 0, 0, 0, 0, 0, 0, 0]"
266,266,268,-0.01837837849489679,0.5319886906292587,0.7160007584133901,0.4853580924343863,0.6485890217680844,"[0, 1, 0, 0, 0, 0, 0, 0, 0, 0, 1, 0, 0, 0, 0, 0, 0, 0, 0, 0, 0, 0]"
267,267,269,0.9221028949915201,0.5540201425164321,1.0,1.0,,"[1, 1, 0, 0, 0, 0, 0, 0, 0, 0, 0, 1, 0, 0, 0, 0, 0, 0, 0, 0, 0, 0]"
268,268,270,0.1202030713164587,0.5570199755574281,0.8072421368946036,0.5166765068111453,,"[0, 0, 0, 0, 0, 0, 0, 0, 0, 0, 1, 0, 0, 0, 0, 0, 0, 1, 0, 1, 0, 0]"
273,273,275,1.0,0.4692054717907171,0.8645524211467358,0.6142428160564615,0.6683435958505223,"[0, 1, 0, 0, 0, 0, 0, 0, 0, 0, 1, 0, 0, 0, 0, 0, 0, 1, 0, 0, 0, 0]"
274,274,276,0.06338752473502875,0.5109912984857242,0.6767846916799577,0.5716352488496772,0.8890793485039039,"[1, 1, 0, 0, 0, 0, 0, 0, 0, 0, 1, 0, 0, 0, 0, 0, 0, 0, 0, 0, 0, 0]"
278,278,280,0.06597919054985228,0.5234301263016986,0.6511674255168692,0.500077188320967,0.7759236970626221,"[1, 0, 0, 0, 0, 0, 0, 0, 0, 0, 1, 0, 0, 0, 0, 0, 0, 0, 0, 0, 0, 0]"
279,279,281,-0.3073830186695879,0.5546321701585212,0.5716977339294333,0.4456429120882607,0.6945553832413817,"[0, 0, 0, 0, 1, 0, 0, 0, 0, 0, 1, 0, 0, 0, 1, 0, 0, 1, 0, 0, 0, 0]"
281,281,283,0.016906469346518627,-100.0,0.8713259661199675,0.8535745184865303,,"[1, 1, 0, 0, 0, 0, 0, 1, 0, 0, 0, 1, 0, 0, 0, 0, 0, 0, 0, 0, 0, 0]"
283,283,285,-0.06551033777204386,0.5264200384663532,0.5436518300339618,0.4028422008953101,0.82339419977333,"[1, 0, 0, 0, 0, 0, 0, 0, 0, 0, 1, 0, 0, 0, 0, 0, 0, 0, 0, 0, 0, 0]"
285,285,287,-0.2663737522557544,0.4984739244632605,0.5721981061596239,0.3660690065906306,0.8614917610219965,"[0, 1, 0, 0, 1, 0, 0, 0, 0, 0, 1, 0, 0, 0, 0, 0, 0, 0, 0, 0, 0, 0]"
288,288,290,-0.10210846299693688,0.4953003388443693,0.6357885048360858,0.4470473696221576,0.7178121512746453,"[0, 1, 0, 0, 0, 0, 0, 0, 0, 0, 1, 0, 0, 0, 0, 0, 0, 1, 0, 0, 0, 0]"
292,292,294,-0.2791787697656713,-100.0,0.6802682243635276,0.5147749545532337,0.6305229870343244,"[1, 1, 0, 0, 1, 0, 0, 1, 0, 0, 1, 0, 0, 0, 0, 0, 0, 0, 0, 0, 0, 0]"
293,293,295,0.20182132123253832,0.5475317134971038,0.8180356442806836,0.6587722448713074,0.8780150909628535,"[1, 1, 0, 0, 0, 0, 0, 0, 0, 0, 0, 0, 0, 0, 0, 0, 0, 0, 0, 0, 0, 0]"
294,294,296,0.19212436087702497,0.5328687676456215,0.5896481150214314,0.5329536709412385,0.8225422152987125,"[1, 1, 0, 0, 0, 0, 1, 0, 0, 0, 1, 1, 0, 0, 1, 0, 0, 1, 0, 0, 0, 0]"
297,297,299,0.22366879042425725,0.5475317134971038,0.36441888642525466,0.2593119284212061,0.6491118229884445,"[0, 0, 0, 0, 0, 0, 0, 0, 0, 0, 0, 0, 0, 0, 0, 0, 0, 0, 0, 1, 0, 0]"
298,298,300,-0.3073830186695879,0.512234315821425,0.5297940518676951,0.3883888909521591,0.6887090845202596,"[1, 1, 0, 0, 0, 0, 0, 0, 0, 0, 1, 0, 0, 0, 1, 0, 0, 1, 0, 1, 0, 0]"
299,299,301,-0.3073830186695879,0.4611556379501701,0.4080539466465153,0.30428114429484004,0.7953652550931833,"[1, 1, 0, 0, 1, 0, 0, 0, 0, 0, 0, 0, 0, 0, 0, 0, 0, 1, 0, 0, 0, 0]"
300,300,302,-0.4007060971156947,0.5475317134971038,0.4683367244999379,0.3113511475979201,,"[1, 1, 0, 0, 0, 0, 0, 0, 0, 0, 1, 0, 0, 0, 0, 0, 0, 0, 0, 0, 0, 0]"
301,301,303,-0.18491485165205496,0.3611906767224908,0.5496537360481073,0.370581281869432,0.7911513407566542,"[0, 1, 0, 0, 0, 0, 0, 0, 0, 0, 0, 0, 0, 0, 1, 0, 0, 0, 0, 0, 0, 0]"
303,303,305,-0.07036614016054127,0.5417860150837362,0.4875764817663188,0.3913136331052173,0.08280328468741388,"[1, 0, 0, 0, 0, 0, 1, 0, 0, 0, 0, 1, 0, 0, 0, 0, 0, 1, 0, 0, 0, 0]"
305,305,307,-0.7183944838444182,0.5319886906292587,0.624779375425582,0.5295339426269101,0.8611385903636162,"[1, 1, 0, 0, 0, 0, 0, 0, 0, 0, 0, 0, 0, 0, 1, 0, 0, 0, 0, 0, 0, 0]"
306,306,308,0.6562179827560999,0.5657246834837187,0.9778674588101663,0.9053085822244196,0.8435462139281366,"[1, 1, 0, 0, 0, 0, 0, 0, 0, 0, 0, 0, 0, 0, 0, 0, 0, 0, 0, 0, 0, 0]"
307,307,309,0.6391670817561116,0.6099916918563674,0.7763173615363836,0.6485696388167258,0.5961565188255861,"[1, 1, 0, 0, 0, 0, 0, 0, 0, 0, 0, 0, 0, 0, 1, 0, 0, 0, 0, 0, 0, 0]"
310,310,312,-0.37845204773710656,0.9501638550328247,0.9249826285976368,0.6676874629258389,0.942563390916964,"[1, 0, 0, 0, 0, 0, 0, 0, 0, 0, 0, 0, 0, 0, 0, 0, 0, 0, 0, 0, 0, 0]"
315,315,317,-0.6327529080410564,0.4936486134689294,0.5746961960351321,0.4719917434066322,0.9641122018919459,"[0, 0, 0, 0, 0, 0, 0, 0, 0, 0, 0, 0, 0, 0, 0, 0, 0, 1, 0, 1, 0, 0]"
316,316,318,0.14815809471253485,0.5337361812431892,0.649475573145909,0.5207907229940478,0.7204249868869197,"[0, 1, 0, 0, 0, 0, 0, 0, 0, 0, 1, 0, 0, 0, 1, 0, 0, 0, 0, 1, 0, 0]"
317,317,319,-0.04277679215142792,0.4611556379501701,0.6894581175622978,0.4020141396520467,0.7024878130403857,"[0, 1, 0, 0, 0, 0, 0, 0, 0, 0, 1, 0, 0, 0, 0, 0, 0, 0, 0, 0, 0, 0]"
320,320,322,0.06597919054985228,-100.0,-100.0,-100.0,0.8262700029586579,"[0, 1, 0, 0, 0, 0, 0, 0, 0, 0, 1, 0, 0, 0, 1, 0, 0, 0, 0, 1, 0, 0]"
321,321,323,0.0499295909168406,0.5540201425164321,0.552047189721345,0.42762760717012177,0.6610180896232087,"[0, 1, 0, 0, 0, 0, 0, 0, 0, 0, 0, 0, 0, 0, 1, 0, 0, 0, 0, 0, 0, 0]"
322,322,324,-0.2663737522557544,0.4969080129171898,0.5885561856555755,0.3439149112137536,0.7105515947449338,"[0, 0, 0, 0, 0, 0, 0, 0, 0, 0, 0, 0, 0, 0, 0, 0, 0, 1, 0, 1, 0, 0]"
323,323,325,0.2423521771740564,0.5488864717451536,0.7415314497848479,0.5279278582691042,,"[0, 0, 0, 0, 0, 0, 0, 0, 0, 0, 1, 0, 0, 0, 0, 0, 0, 0, 0, 0, 0, 0]"
327,327,329,0.183442942631294,0.6099916918563674,0.42514675620404585,0.2737936339965474,0.6997880396464878,"[1, 1, 0, 0, 0, 0, 0, 0, 0, 0, 0, 0, 0, 0, 0, 0, 0, 0, 0, 0, 0, 0]"
329,329,331,0.19633482806764613,0.5475317134971038,0.7445633157644057,0.43820862734134697,0.7701944374520369,"[0, 1, 0, 0, 0, 0, 0, 0, 0, 0, 1, 0, 0, 0, 0, 0, 0, 0, 0, 0, 0, 0]"
330,330,332,-0.24288088338477035,-100.0,0.3774281825066648,0.2593119284212061,0.713021137741821,"[0, 1, 0, 0, 1, 0, 1, 1, 0, 0, 0, 1, 0, 0, 0, 0, 0, 1, 1, 0, 0, 0]"
334,334,336,-0.08042604683887859,0.5109912984857242,0.5828512515690251,0.3498743772034936,0.4345456359145812,"[1, 0, 0, 0, 0, 0, 0, 0, 0, 0, 0, 0, 0, 0, 0, 0, 0, 0, 0, 0, 0, 0]"
337,337,339,0.3743045747276555,0.4936486134689294,0.6646223871552759,0.5030482285885041,0.8780150909628535,"[0, 1, 0, 0, 0, 0, 0, 0, 0, 0, 1, 0, 0, 0, 0, 0, 0, 0, 0, 0, 0, 0]"
338,338,340,-0.5248572862385963,0.5000001883887292,0.31242401187773977,-100.0,0.8143265061019735,"[1, 0, 0, 0, 0, 0, 0, 0, 0, 0, 1, 0, 0, 0, 0, 0, 0, 0, 0, 0, 0, 0]"
339,339,341,-0.10210846299693688,-100.0,0.2875887518146662,0.266892695423561,0.624267113339803,"[0, 0, 0, 0, 0, 0, 0, 1, 0, 0, 1, 0, 0, 0, 0, 0, 0, 0, 0, 0, 0, 0]"
340,340,342,0.023307508109303484,0.5410277131991271,0.5417223241624763,0.36056602654706665,0.8710604354522162,"[0, 1, 0, 0, 0, 0, 0, 0, 0, 0, 1, 0, 0, 0, 0, 0, 0, 0, 0, 0, 0, 0]"
342,342,344,-0.6327529080410564,0.5109912984857242,0.6741308017853037,0.5178878038924121,0.8780150909628535,"[0, 1, 0, 0, 0, 0, 0, 0, 0, 0, 1, 0, 0, 0, 1, 0, 0, 0, 0, 1, 0, 0]"
343,343,345,0.8777703333201212,0.5417860150837362,0.7958818513411515,0.537671483782756,,"[0, 0, 0, 0, 0, 0, 0, 0, 0, 0, 1, 0, 0, 0, 0, 0, 0, 0, 0, 1, 0, 0]"
345,345,347,0.6680106750136446,0.5993882628700695,0.7738835779649994,0.6889609906745409,0.6987596841868664,"[1, 1, 0, 0, 0, 0, 0, 0, 0, 0, 0, 0, 0, 0, 0, 0, 0, 0, 0, 0, 0, 0]"
347,347,349,-0.23204681113657985,0.5109912984857242,0.6181364421508886,0.4087841409510584,0.6581509146770177,"[1, 0, 0, 0, 0, 0, 0, 0, 0, 0, 1, 0, 0, 0, 1, 0, 0, 0, 0, 0, 0, 0]"
348,348,350,0.18927001868772236,0.4953003388443693,0.7222009346287136,0.5962008469822033,0.8470792944957952,"[1, 0, 0, 0, 0, 0, 0, 0, 0, 0, 0, 0, 0, 0, 0, 0, 0, 0, 0, 0, 0, 0]"
350,350,352,-0.05157882048809642,0.5475317134971038,0.3855349715712639,0.3473765705571267,0.695973321410065,"[1, 0, 0, 0, 0, 0, 0, 0, 0, 0, 0, 0, 0, 0, 0, 0, 0, 1, 0, 0, 0, 0]"
